,uuid,Company_Names,census_id,count,uuid_comp
0,d954b22d-0031-4b02-b91d-f86c1fbd8d22,,55,343,d954b22d-0031-4b02-b91d-f86c1fbd8d22
1,5993a94c-7d97-4df7-9abf-e493bfd5d000,,55,283,5993a94c-7d97-4df7-9abf-e493bfd5d000
2,fbdde4c1-57ed-b42f-7b9f-dd517b53f2f2,,147,177,fbdde4c1-57ed-b42f-7b9f-dd517b53f2f2
3,5993a94c-7d97-4df7-9abf-e493bfd5d000,,1248,163,5993a94c-7d97-4df7-9abf-e493bfd5d000
4,5993a94c-7d97-4df7-9abf-e493bfd5d000,,53,114,5993a94c-7d97-4df7-9abf-e493bfd5d000
5,dc4f4e8e-d7b0-4e72-b609-97f2796149f9,,61,112,dc4f4e8e-d7b0-4e72-b609-97f2796149f9
6,5993a94c-7d97-4df7-9abf-e493bfd5d000,,72,111,5993a94c-7d97-4df7-9abf-e493bfd5d000
7,50765cb7-d9ea-4e21-99a4-fa879613a492,,34,104,50765cb7-d9ea-4e21-99a4-fa879613a492
8,50765cb7-d9ea-4e21-99a4-fa879613a492,,147,91,50765cb7-d9ea-4e21-99a4-fa879613a492
9,8277a5f1-4166-45d1-9f97-905df2a427d5,,13,78,8277a5f1-4166-45d1-9f97-905df2a427d5
10,504f4c45-5354-4152-0000-000000000000,Omni access stellar (Alcatel Lucent),109,73,Omni access stellar (Alcatel Lucent)
11,e2c56db5-dffb-48d2-b060-d0f5a71096e0,Apple AirLocate,109,65,Apple AirLocate
12,504f4c45-5354-4152-0000-000000000000,Omni access stellar (Alcatel Lucent),141,63,Omni access stellar (Alcatel Lucent)
13,74278bda-b644-4520-8f0c-720eaf059935,Glimworm,34,59,Glimworm
14,f7b5c2e9-949d-49f3-bb3b-08762506cec1,,120,58,f7b5c2e9-949d-49f3-bb3b-08762506cec1
15,fbdde4c1-57ed-b42f-7b9f-dd517b53f2f2,,154,58,fbdde4c1-57ed-b42f-7b9f-dd517b53f2f2
16,50765cb7-d9ea-4e21-99a4-fa879613a492,,141,52,50765cb7-d9ea-4e21-99a4-fa879613a492
17,d954b22d-0031-4b02-b91d-f86c1fbd8d22,,34,52,d954b22d-0031-4b02-b91d-f86c1fbd8d22
18,74278bda-b644-4520-8f0c-720eaf059935,Glimworm,147,51,Glimworm
19,5993a94c-7d97-4df7-9abf-e493bfd5d000,,1246,49,5993a94c-7d97-4df7-9abf-e493bfd5d000
20,2686f39c-bada-4658-854a-a62e7e5e8b8d,,34,49,2686f39c-bada-4658-854a-a62e7e5e8b8d
21,4a84c409-89e1-497c-8251-2f2d778db8d6,,34,48,4a84c409-89e1-497c-8251-2f2d778db8d6
22,e2c56db5-dffb-48d2-b060-d0f5a71096e0,Apple AirLocate,34,47,Apple AirLocate
23,2f24dda5-6745-4d39-99cf-d6cbea086401,,61,45,2f24dda5-6745-4d39-99cf-d6cbea086401
24,5993a94c-7d97-4df7-9abf-e493bfd5d000,,66,44,5993a94c-7d97-4df7-9abf-e493bfd5d000
25,74278bda-b644-4520-8f0c-720eaf059935,Glimworm,749,44,Glimworm
26,2a955cfd-667b-4ac8-9141-73b9c168da7e,,108,43,2a955cfd-667b-4ac8-9141-73b9c168da7e
27,50765cb7-d9ea-4e21-99a4-fa879613a492,,109,43,50765cb7-d9ea-4e21-99a4-fa879613a492
28,fbdde4c1-57ed-b42f-7b9f-dd517b53f2f2,,141,43,fbdde4c1-57ed-b42f-7b9f-dd517b53f2f2
29,5993a94c-7d97-4df7-9abf-e493bfd5d000,,749,42,5993a94c-7d97-4df7-9abf-e493bfd5d000
30,2a955cfd-667b-4ac8-9141-73b9c168da7e,,119,40,2a955cfd-667b-4ac8-9141-73b9c168da7e
31,50765cb7-d9ea-4e21-99a4-fa879613a492,,51,40,50765cb7-d9ea-4e21-99a4-fa879613a492
32,50765cb7-d9ea-4e21-99a4-fa879613a492,,29,40,50765cb7-d9ea-4e21-99a4-fa879613a492
33,e2c56db5-dffb-48d2-b060-d0f5a71096e0,Apple AirLocate,855,39,Apple AirLocate
34,fbdde4c1-57ed-b42f-7b9f-dd517b53f2f2,,29,38,fbdde4c1-57ed-b42f-7b9f-dd517b53f2f2
35,2a955cfd-667b-4ac8-9141-73b9c168da7e,,106,36,2a955cfd-667b-4ac8-9141-73b9c168da7e
36,50765cb7-d9ea-4e21-99a4-fa879613a492,,23,36,50765cb7-d9ea-4e21-99a4-fa879613a492
37,d954b22d-0031-4b02-b91d-f86c1fbd8d22,,53,35,d954b22d-0031-4b02-b91d-f86c1fbd8d22
38,2686f39c-bada-4658-854a-a62e7e5e8b8d,,147,34,2686f39c-bada-4658-854a-a62e7e5e8b8d
39,89d91339-52a3-405a-9f15-dba920f2726c,,109,34,89d91339-52a3-405a-9f15-dba920f2726c
40,74278bda-b644-4520-8f0c-720eaf059935,Glimworm,109,33,Glimworm
41,50765cb7-d9ea-4e21-99a4-fa879613a492,,767,33,50765cb7-d9ea-4e21-99a4-fa879613a492
42,d77657c4-52a7-426f-b9d0-d71e10798c8a,SXSW,147,31,SXSW
43,8a21c76b-74e3-4341-92be-33fcfdefdd63,,34,31,8a21c76b-74e3-4341-92be-33fcfdefdd63
44,8a21c76b-74e3-4341-92be-33fcfdefdd63,,23,31,8a21c76b-74e3-4341-92be-33fcfdefdd63
45,74278bda-b644-4520-8f0c-720eaf059935,Glimworm,145,31,Glimworm
46,2a955cfd-667b-4ac8-9141-73b9c168da7e,,115,30,2a955cfd-667b-4ac8-9141-73b9c168da7e
47,2686f39c-bada-4658-854a-a62e7e5e8b8d,,13,29,2686f39c-bada-4658-854a-a62e7e5e8b8d
48,50765cb7-d9ea-4e21-99a4-fa879613a492,,13,29,50765cb7-d9ea-4e21-99a4-fa879613a492
49,504f4c45-5354-4152-0000-000000000000,Omni access stellar (Alcatel Lucent),147,29,Omni access stellar (Alcatel Lucent)
50,74278bda-b644-4520-8f0c-720eaf059935,Glimworm,769,28,Glimworm
51,5993a94c-7d97-4df7-9abf-e493bfd5d000,,78,28,5993a94c-7d97-4df7-9abf-e493bfd5d000
52,74278bda-b644-4520-8f0c-720eaf059935,Glimworm,55,27,Glimworm
53,50765cb7-d9ea-4e21-99a4-fa879613a492,,846,27,50765cb7-d9ea-4e21-99a4-fa879613a492
54,2686f39c-bada-4658-854a-a62e7e5e8b8d,,748,27,2686f39c-bada-4658-854a-a62e7e5e8b8d
55,5993a94c-7d97-4df7-9abf-e493bfd5d000,,1092,26,5993a94c-7d97-4df7-9abf-e493bfd5d000
56,8277a5f1-4166-45d1-9f97-905df2a427d5,,19,25,8277a5f1-4166-45d1-9f97-905df2a427d5
57,8277a5f1-4166-45d1-9f97-905df2a427d5,,29,24,8277a5f1-4166-45d1-9f97-905df2a427d5
58,d77657c4-52a7-426f-b9d0-d71e10798c8a,SXSW,141,24,SXSW
59,74278bda-b644-4520-8f0c-720eaf059935,Glimworm,122,24,Glimworm
60,2a955cfd-667b-4ac8-9141-73b9c168da7e,,143,23,2a955cfd-667b-4ac8-9141-73b9c168da7e
61,fbdde4c1-57ed-b42f-7b9f-dd517b53f2f2,,13,23,fbdde4c1-57ed-b42f-7b9f-dd517b53f2f2
62,74278bda-b644-4520-8f0c-720eaf059935,Glimworm,83,23,Glimworm
63,9eb353a0-69b6-4947-b710-bae643c8bca5,,61,23,9eb353a0-69b6-4947-b710-bae643c8bca5
64,4a84c409-89e1-497c-8251-2f2d778db8d6,,55,23,4a84c409-89e1-497c-8251-2f2d778db8d6
65,74278bda-b644-4520-8f0c-720eaf059935,Glimworm,773,23,Glimworm
66,1ca92e23-f087-4df7-b9a2-fd4b716a4bf6,,767,22,1ca92e23-f087-4df7-b9a2-fd4b716a4bf6
67,5993a94c-7d97-4df7-9abf-e493bfd5d000,,70,22,5993a94c-7d97-4df7-9abf-e493bfd5d000
68,50765cb7-d9ea-4e21-99a4-fa879613a492,,749,22,50765cb7-d9ea-4e21-99a4-fa879613a492
69,74278bda-b644-4520-8f0c-720eaf059935,Glimworm,23,22,Glimworm
70,2a955cfd-667b-4ac8-9141-73b9c168da7e,,130,22,2a955cfd-667b-4ac8-9141-73b9c168da7e
71,00ce1c6a-0f3e-4ba4-955a-69f997ba4aa4,,131,22,00ce1c6a-0f3e-4ba4-955a-69f997ba4aa4
72,50765cb7-d9ea-4e21-99a4-fa879613a492,,871,22,50765cb7-d9ea-4e21-99a4-fa879613a492
73,50765cb7-d9ea-4e21-99a4-fa879613a492,,19,21,50765cb7-d9ea-4e21-99a4-fa879613a492
74,8a21c76b-74e3-4341-92be-33fcfdefdd63,,773,21,8a21c76b-74e3-4341-92be-33fcfdefdd63
75,74278bda-b644-4520-8f0c-720eaf059935,Glimworm,51,21,Glimworm
76,74278bda-b644-4520-8f0c-720eaf059935,Glimworm,131,21,Glimworm
77,2686f39c-bada-4658-854a-a62e7e5e8b8d,,133,21,2686f39c-bada-4658-854a-a62e7e5e8b8d
78,d77657c4-52a7-426f-b9d0-d71e10798c8a,SXSW,109,21,SXSW
79,2686f39c-bada-4658-854a-a62e7e5e8b8d,,141,21,2686f39c-bada-4658-854a-a62e7e5e8b8d
80,50765cb7-d9ea-4e21-99a4-fa879613a492,,132,21,50765cb7-d9ea-4e21-99a4-fa879613a492
81,8a21c76b-74e3-4341-92be-33fcfdefdd63,,120,20,8a21c76b-74e3-4341-92be-33fcfdefdd63
82,2686f39c-bada-4658-854a-a62e7e5e8b8d,,19,20,2686f39c-bada-4658-854a-a62e7e5e8b8d
83,2686f39c-bada-4658-854a-a62e7e5e8b8d,,61,20,2686f39c-bada-4658-854a-a62e7e5e8b8d
84,5993a94c-7d97-4df7-9abf-e493bfd5d000,,758,20,5993a94c-7d97-4df7-9abf-e493bfd5d000
85,74278bda-b644-4520-8f0c-720eaf059935,Glimworm,748,20,Glimworm
86,50765cb7-d9ea-4e21-99a4-fa879613a492,,847,20,50765cb7-d9ea-4e21-99a4-fa879613a492
87,1d19a9f7-66c0-4428-9e61-f2a58b45c6f5,,109,20,1d19a9f7-66c0-4428-9e61-f2a58b45c6f5
88,00009999-0000-1000-8000-00177a000002,,108,19,00009999-0000-1000-8000-00177a000002
89,2686f39c-bada-4658-854a-a62e7e5e8b8d,,749,19,2686f39c-bada-4658-854a-a62e7e5e8b8d
90,1f8e8fed-e2b7-49c8-8c17-51871e707cda,,147,19,1f8e8fed-e2b7-49c8-8c17-51871e707cda
91,00009999-0000-1000-8000-00177a000002,,752,18,00009999-0000-1000-8000-00177a000002
92,8a21c76b-74e3-4341-92be-33fcfdefdd63,,122,18,8a21c76b-74e3-4341-92be-33fcfdefdd63
93,8a21c76b-74e3-4341-92be-33fcfdefdd63,,131,18,8a21c76b-74e3-4341-92be-33fcfdefdd63
94,8a21c76b-74e3-4341-92be-33fcfdefdd63,,109,18,8a21c76b-74e3-4341-92be-33fcfdefdd63
95,8a21c76b-74e3-4341-92be-33fcfdefdd63,,141,18,8a21c76b-74e3-4341-92be-33fcfdefdd63
96,2a955cfd-667b-4ac8-9141-73b9c168da7e,,75,18,2a955cfd-667b-4ac8-9141-73b9c168da7e
97,2f24dda5-6745-4d39-99cf-d6cbea086401,,133,18,2f24dda5-6745-4d39-99cf-d6cbea086401
98,50765cb7-d9ea-4e21-99a4-fa879613a492,,130,18,50765cb7-d9ea-4e21-99a4-fa879613a492
99,50765cb7-d9ea-4e21-99a4-fa879613a492,,773,17,50765cb7-d9ea-4e21-99a4-fa879613a492
100,d77657c4-52a7-426f-b9d0-d71e10798c8a,SXSW,773,17,SXSW
101,2686f39c-bada-4658-854a-a62e7e5e8b8d,,55,17,2686f39c-bada-4658-854a-a62e7e5e8b8d
102,8a21c76b-74e3-4341-92be-33fcfdefdd63,,61,17,8a21c76b-74e3-4341-92be-33fcfdefdd63
103,50765cb7-d9ea-4e21-99a4-fa879613a492,,133,17,50765cb7-d9ea-4e21-99a4-fa879613a492
104,74278bda-b644-4520-8f0c-720eaf059935,Glimworm,141,17,Glimworm
105,50765cb7-d9ea-4e21-99a4-fa879613a492,,120,17,50765cb7-d9ea-4e21-99a4-fa879613a492
106,d954b22d-0031-4b02-b91d-f86c1fbd8d22,,61,17,d954b22d-0031-4b02-b91d-f86c1fbd8d22
107,fbdde4c1-57ed-b42f-7b9f-dd517b53f2f2,,34,17,fbdde4c1-57ed-b42f-7b9f-dd517b53f2f2
108,2686f39c-bada-4658-854a-a62e7e5e8b8d,,871,16,2686f39c-bada-4658-854a-a62e7e5e8b8d
109,1ca92e23-f087-4df7-b9a2-fd4b716a4bf6,,847,16,1ca92e23-f087-4df7-b9a2-fd4b716a4bf6
110,89d91339-52a3-405a-9f15-dba920f2726c,,107,16,89d91339-52a3-405a-9f15-dba920f2726c
111,50765cb7-d9ea-4e21-99a4-fa879613a492,,55,16,50765cb7-d9ea-4e21-99a4-fa879613a492
112,5993a94c-7d97-4df7-9abf-e493bfd5d000,,1181,16,5993a94c-7d97-4df7-9abf-e493bfd5d000
113,50765cb7-d9ea-4e21-99a4-fa879613a492,,61,16,50765cb7-d9ea-4e21-99a4-fa879613a492
114,d77657c4-52a7-426f-b9d0-d71e10798c8a,SXSW,22,16,SXSW
115,8a21c76b-74e3-4341-92be-33fcfdefdd63,,130,16,8a21c76b-74e3-4341-92be-33fcfdefdd63
116,2686f39c-bada-4658-854a-a62e7e5e8b8d,,769,15,2686f39c-bada-4658-854a-a62e7e5e8b8d
117,2686f39c-bada-4658-854a-a62e7e5e8b8d,,799,15,2686f39c-bada-4658-854a-a62e7e5e8b8d
118,d77657c4-52a7-426f-b9d0-d71e10798c8a,SXSW,25,15,SXSW
119,50765cb7-d9ea-4e21-99a4-fa879613a492,,874,15,50765cb7-d9ea-4e21-99a4-fa879613a492
120,5993a94c-7d97-4df7-9abf-e493bfd5d000,,767,15,5993a94c-7d97-4df7-9abf-e493bfd5d000
121,2686f39c-bada-4658-854a-a62e7e5e8b8d,,51,15,2686f39c-bada-4658-854a-a62e7e5e8b8d
122,1d19a9f7-66c0-4428-9e61-f2a58b45c6f5,,101,15,1d19a9f7-66c0-4428-9e61-f2a58b45c6f5
123,00009999-0000-1000-8000-00177a000002,,749,15,00009999-0000-1000-8000-00177a000002
124,74278bda-b644-4520-8f0c-720eaf059935,Glimworm,32,15,Glimworm
125,8a21c76b-74e3-4341-92be-33fcfdefdd63,,53,15,8a21c76b-74e3-4341-92be-33fcfdefdd63
126,2686f39c-bada-4658-854a-a62e7e5e8b8d,,23,15,2686f39c-bada-4658-854a-a62e7e5e8b8d
127,264a2992-d007-432e-b4ed-37d6af6e8d04,,141,15,264a2992-d007-432e-b4ed-37d6af6e8d04
128,1ca92e23-f087-4df7-b9a2-fd4b716a4bf6,,846,15,1ca92e23-f087-4df7-b9a2-fd4b716a4bf6
129,264a2992-d007-432e-b4ed-37d6af6e8d04,,147,15,264a2992-d007-432e-b4ed-37d6af6e8d04
130,e2c56db5-dffb-48d2-b060-d0f5a71096e0,Apple AirLocate,767,15,Apple AirLocate
131,8277a5f1-4166-45d1-9f97-905df2a427d5,,25,14,8277a5f1-4166-45d1-9f97-905df2a427d5
132,74278bda-b644-4520-8f0c-720eaf059935,Glimworm,87,14,Glimworm
133,74278bda-b644-4520-8f0c-720eaf059935,Glimworm,73,14,Glimworm
134,50765cb7-d9ea-4e21-99a4-fa879613a492,,969,14,50765cb7-d9ea-4e21-99a4-fa879613a492
135,d77657c4-52a7-426f-b9d0-d71e10798c8a,SXSW,20,14,SXSW
136,1ca92e23-f087-4df7-b9a2-fd4b716a4bf6,,147,14,1ca92e23-f087-4df7-b9a2-fd4b716a4bf6
137,50765cb7-d9ea-4e21-99a4-fa879613a492,,77,14,50765cb7-d9ea-4e21-99a4-fa879613a492
138,74278bda-b644-4520-8f0c-720eaf059935,Glimworm,29,13,Glimworm
139,74278bda-b644-4520-8f0c-720eaf059935,Glimworm,855,13,Glimworm
140,50765cb7-d9ea-4e21-99a4-fa879613a492,,800,13,50765cb7-d9ea-4e21-99a4-fa879613a492
141,50765cb7-d9ea-4e21-99a4-fa879613a492,,146,13,50765cb7-d9ea-4e21-99a4-fa879613a492
142,50765cb7-d9ea-4e21-99a4-fa879613a492,,873,13,50765cb7-d9ea-4e21-99a4-fa879613a492
143,8a21c76b-74e3-4341-92be-33fcfdefdd63,,55,13,8a21c76b-74e3-4341-92be-33fcfdefdd63
144,8a21c76b-74e3-4341-92be-33fcfdefdd63,,767,13,8a21c76b-74e3-4341-92be-33fcfdefdd63
145,89d91339-52a3-405a-9f15-dba920f2726c,,101,13,89d91339-52a3-405a-9f15-dba920f2726c
146,50765cb7-d9ea-4e21-99a4-fa879613a492,,122,13,50765cb7-d9ea-4e21-99a4-fa879613a492
147,2686f39c-bada-4658-854a-a62e7e5e8b8d,,135,13,2686f39c-bada-4658-854a-a62e7e5e8b8d
148,74278bda-b644-4520-8f0c-720eaf059935,Glimworm,767,12,Glimworm
149,50765cb7-d9ea-4e21-99a4-fa879613a492,,32,12,50765cb7-d9ea-4e21-99a4-fa879613a492
150,2a955cfd-667b-4ac8-9141-73b9c168da7e,,104,12,2a955cfd-667b-4ac8-9141-73b9c168da7e
151,2686f39c-bada-4658-854a-a62e7e5e8b8d,,773,12,2686f39c-bada-4658-854a-a62e7e5e8b8d
152,2686f39c-bada-4658-854a-a62e7e5e8b8d,,775,12,2686f39c-bada-4658-854a-a62e7e5e8b8d
153,2686f39c-bada-4658-854a-a62e7e5e8b8d,,800,12,2686f39c-bada-4658-854a-a62e7e5e8b8d
154,547eaf8f-ed01-4ac9-ba18-800e320ee03c,,133,12,547eaf8f-ed01-4ac9-ba18-800e320ee03c
155,74278bda-b644-4520-8f0c-720eaf059935,Glimworm,996,12,Glimworm
156,fe913213-b311-4a42-8c16-47faeac938db,Motorola MPact,109,12,Motorola MPact
157,d77657c4-52a7-426f-b9d0-d71e10798c8a,SXSW,120,12,SXSW
158,d77657c4-52a7-426f-b9d0-d71e10798c8a,SXSW,60,12,SXSW
159,2686f39c-bada-4658-854a-a62e7e5e8b8d,,145,12,2686f39c-bada-4658-854a-a62e7e5e8b8d
160,8a21c76b-74e3-4341-92be-33fcfdefdd63,,147,12,8a21c76b-74e3-4341-92be-33fcfdefdd63
161,2686f39c-bada-4658-854a-a62e7e5e8b8d,,29,12,2686f39c-bada-4658-854a-a62e7e5e8b8d
162,8277a5f1-4166-45d1-9f97-905df2a427d5,,32,12,8277a5f1-4166-45d1-9f97-905df2a427d5
163,aa0c1a63-153f-4256-bc10-398508e2b590,,797,11,aa0c1a63-153f-4256-bc10-398508e2b590
164,2686f39c-bada-4658-854a-a62e7e5e8b8d,,805,11,2686f39c-bada-4658-854a-a62e7e5e8b8d
165,50765cb7-d9ea-4e21-99a4-fa879613a492,,124,11,50765cb7-d9ea-4e21-99a4-fa879613a492
166,8a21c76b-74e3-4341-92be-33fcfdefdd63,,749,11,8a21c76b-74e3-4341-92be-33fcfdefdd63
167,8a21c76b-74e3-4341-92be-33fcfdefdd63,,145,11,8a21c76b-74e3-4341-92be-33fcfdefdd63
168,1d19a9f7-66c0-4428-9e61-f2a58b45c6f5,,107,11,1d19a9f7-66c0-4428-9e61-f2a58b45c6f5
169,8a21c76b-74e3-4341-92be-33fcfdefdd63,,51,11,8a21c76b-74e3-4341-92be-33fcfdefdd63
170,8277a5f1-4166-45d1-9f97-905df2a427d5,,34,11,8277a5f1-4166-45d1-9f97-905df2a427d5
171,74278bda-b644-4520-8f0c-720eaf059935,Glimworm,74,11,Glimworm
172,2686f39c-bada-4658-854a-a62e7e5e8b8d,,122,11,2686f39c-bada-4658-854a-a62e7e5e8b8d
173,7aa9f224-d71e-4758-8f60-aa013261b9ac,,61,11,7aa9f224-d71e-4758-8f60-aa013261b9ac
174,2686f39c-bada-4658-854a-a62e7e5e8b8d,,109,11,2686f39c-bada-4658-854a-a62e7e5e8b8d
175,8277a5f1-4166-45d1-9f97-905df2a427d5,,28,10,8277a5f1-4166-45d1-9f97-905df2a427d5
176,2686f39c-bada-4658-854a-a62e7e5e8b8d,,20,10,2686f39c-bada-4658-854a-a62e7e5e8b8d
177,ba7c72e9-17c1-4ecc-b3c0-0c960b14319e,,122,10,ba7c72e9-17c1-4ecc-b3c0-0c960b14319e
178,5993a94c-7d97-4df7-9abf-e493bfd5d000,,752,10,5993a94c-7d97-4df7-9abf-e493bfd5d000
179,6ab357ac-96dd-4d5e-a606-b9dd64c570c7,,29,10,6ab357ac-96dd-4d5e-a606-b9dd64c570c7
180,74278bda-b644-4520-8f0c-720eaf059935,Glimworm,77,10,Glimworm
181,8a21c76b-74e3-4341-92be-33fcfdefdd63,,77,10,8a21c76b-74e3-4341-92be-33fcfdefdd63
182,b2e5fc49-d460-42b9-893c-27dbaff9430a,,34,10,b2e5fc49-d460-42b9-893c-27dbaff9430a
183,2686f39c-bada-4658-854a-a62e7e5e8b8d,,938,10,2686f39c-bada-4658-854a-a62e7e5e8b8d
184,d77657c4-52a7-426f-b9d0-d71e10798c8a,SXSW,146,10,SXSW
185,8a21c76b-74e3-4341-92be-33fcfdefdd63,,748,10,8a21c76b-74e3-4341-92be-33fcfdefdd63
186,f1eabf09-e313-4fcd-80df-67c779763888,,758,10,f1eabf09-e313-4fcd-80df-67c779763888
187,2a955cfd-667b-4ac8-9141-73b9c168da7e,,117,9,2a955cfd-667b-4ac8-9141-73b9c168da7e
188,8a21c76b-74e3-4341-92be-33fcfdefdd63,,133,9,8a21c76b-74e3-4341-92be-33fcfdefdd63
189,2686f39c-bada-4658-854a-a62e7e5e8b8d,,131,9,2686f39c-bada-4658-854a-a62e7e5e8b8d
190,74278bda-b644-4520-8f0c-720eaf059935,Glimworm,752,9,Glimworm
191,5993a94c-7d97-4df7-9abf-e493bfd5d000,,147,9,5993a94c-7d97-4df7-9abf-e493bfd5d000
192,d77657c4-52a7-426f-b9d0-d71e10798c8a,SXSW,31,9,SXSW
193,307e9194-9fe3-4412-ba98-6e816161a379,,758,9,307e9194-9fe3-4412-ba98-6e816161a379
194,d77657c4-52a7-426f-b9d0-d71e10798c8a,SXSW,133,9,SXSW
195,50765cb7-d9ea-4e21-99a4-fa879613a492,,853,9,50765cb7-d9ea-4e21-99a4-fa879613a492
196,d8db1b53-006f-453a-b832-0f8d6bc3b35f,,147,9,d8db1b53-006f-453a-b832-0f8d6bc3b35f
197,50765cb7-d9ea-4e21-99a4-fa879613a492,,131,9,50765cb7-d9ea-4e21-99a4-fa879613a492
198,e5fae995-38cb-4d78-ac3f-bd349871d6d4,,133,9,e5fae995-38cb-4d78-ac3f-bd349871d6d4
199,5e9917bd-f3ac-41e6-8226-3fd79f340dc5,,133,9,5e9917bd-f3ac-41e6-8226-3fd79f340dc5
200,2686f39c-bada-4658-854a-a62e7e5e8b8d,,747,9,2686f39c-bada-4658-854a-a62e7e5e8b8d
201,2686f39c-bada-4658-854a-a62e7e5e8b8d,,32,9,2686f39c-bada-4658-854a-a62e7e5e8b8d
202,74278bda-b644-4520-8f0c-720eaf059935,Glimworm,53,9,Glimworm
203,8a21c76b-74e3-4341-92be-33fcfdefdd63,,19,9,8a21c76b-74e3-4341-92be-33fcfdefdd63
204,74278bda-b644-4520-8f0c-720eaf059935,Glimworm,13,9,Glimworm
205,09142332-4556-0f78-899e-ebbcce94eff1,,141,8,09142332-4556-0f78-899e-ebbcce94eff1
206,2686f39c-bada-4658-854a-a62e7e5e8b8d,,31,8,2686f39c-bada-4658-854a-a62e7e5e8b8d
207,d77657c4-52a7-426f-b9d0-d71e10798c8a,SXSW,977,8,SXSW
208,e2c56db5-dffb-48d2-b060-d0f5a71096e0,Apple AirLocate,141,8,Apple AirLocate
209,2686f39c-bada-4658-854a-a62e7e5e8b8d,,120,8,2686f39c-bada-4658-854a-a62e7e5e8b8d
210,06649f1a-51ec-40c2-bae0-d1c063eae3bb,,954,8,06649f1a-51ec-40c2-bae0-d1c063eae3bb
211,00009999-0000-1000-8000-00177a000002,,758,8,00009999-0000-1000-8000-00177a000002
212,74278bda-b644-4520-8f0c-720eaf059935,Glimworm,101,8,Glimworm
213,2686f39c-bada-4658-854a-a62e7e5e8b8d,,74,8,2686f39c-bada-4658-854a-a62e7e5e8b8d
214,50765cb7-d9ea-4e21-99a4-fa879613a492,,855,8,50765cb7-d9ea-4e21-99a4-fa879613a492
215,f7f489e9-c07e-41b0-beab-a24ce4d49faa,,758,8,f7f489e9-c07e-41b0-beab-a24ce4d49faa
216,2686f39c-bada-4658-854a-a62e7e5e8b8d,,752,8,2686f39c-bada-4658-854a-a62e7e5e8b8d
217,50765cb7-d9ea-4e21-99a4-fa879613a492,,805,7,50765cb7-d9ea-4e21-99a4-fa879613a492
218,d77657c4-52a7-426f-b9d0-d71e10798c8a,SXSW,855,7,SXSW
219,2686f39c-bada-4658-854a-a62e7e5e8b8d,,977,7,2686f39c-bada-4658-854a-a62e7e5e8b8d
220,74278bda-b644-4520-8f0c-720eaf059935,Glimworm,120,7,Glimworm
221,6ab357ac-96dd-4d5e-a606-b9dd64c570c7,,51,7,6ab357ac-96dd-4d5e-a606-b9dd64c570c7
222,50765cb7-d9ea-4e21-99a4-fa879613a492,,143,7,50765cb7-d9ea-4e21-99a4-fa879613a492
223,06649f1a-51ec-40c2-bae0-d1c063eae3bb,,147,7,06649f1a-51ec-40c2-bae0-d1c063eae3bb
224,e2c56db5-dffb-48d2-b060-d0f5a71096e0,Apple AirLocate,55,7,Apple AirLocate
225,e2c56db5-dffb-48d2-b060-d0f5a71096e0,Apple AirLocate,106,7,Apple AirLocate
226,e2c56db5-dffb-48d2-b060-d0f5a71096e0,Apple AirLocate,122,7,Apple AirLocate
227,e2c56db5-dffb-48d2-b060-d0f5a71096e0,Apple AirLocate,147,7,Apple AirLocate
228,e5a392d8-5351-4fb4-8bde-277773263d48,,147,7,e5a392d8-5351-4fb4-8bde-277773263d48
229,74278bda-b644-4520-8f0c-720eaf059935,Glimworm,124,7,Glimworm
230,f2356731-fbd4-4a10-8aa2-c89adf48a98d,,958,7,f2356731-fbd4-4a10-8aa2-c89adf48a98d
231,f7b5c2e9-949d-49f3-bb3b-08762506cec1,,61,7,f7b5c2e9-949d-49f3-bb3b-08762506cec1
232,fbdde4c1-57ed-b42f-7b9f-dd517b53f2f2,,150,7,fbdde4c1-57ed-b42f-7b9f-dd517b53f2f2
233,50765cb7-d9ea-4e21-99a4-fa879613a492,,954,7,50765cb7-d9ea-4e21-99a4-fa879613a492
234,74278bda-b644-4520-8f0c-720eaf059935,Glimworm,874,7,Glimworm
235,74278bda-b644-4520-8f0c-720eaf059935,Glimworm,61,7,Glimworm
236,b2e5fc49-d460-42b9-893c-27dbaff94309,,101,7,b2e5fc49-d460-42b9-893c-27dbaff94309
237,6ab357ac-96dd-4d5e-a606-b9dd64c570c7,,154,7,6ab357ac-96dd-4d5e-a606-b9dd64c570c7
238,74278bda-b644-4520-8f0c-720eaf059935,Glimworm,873,7,Glimworm
239,8a21c76b-74e3-4341-92be-33fcfdefdd63,,149,7,8a21c76b-74e3-4341-92be-33fcfdefdd63
240,74278bda-b644-4520-8f0c-720eaf059935,Glimworm,19,7,Glimworm
241,8a21c76b-74e3-4341-92be-33fcfdefdd63,,797,7,8a21c76b-74e3-4341-92be-33fcfdefdd63
242,d451a8ca-6bf8-7847-ffad-d5370ba20806,,32,7,d451a8ca-6bf8-7847-ffad-d5370ba20806
243,5993a94c-7d97-4df7-9abf-e493bfd5d000,,750,7,5993a94c-7d97-4df7-9abf-e493bfd5d000
244,20cae8a0-a9cf-11e3-a5e2-0800200c9a66,Onyx beacon,141,7,Onyx beacon
245,1ca92e23-f087-4df7-b9a2-fd4b716a4bf6,,23,7,1ca92e23-f087-4df7-b9a2-fd4b716a4bf6
246,50765cb7-d9ea-4e21-99a4-fa879613a492,,996,7,50765cb7-d9ea-4e21-99a4-fa879613a492
247,56db0365-a001-4062-9e4d-499d3b8eccf3,,135,7,56db0365-a001-4062-9e4d-499d3b8eccf3
248,50765cb7-d9ea-4e21-99a4-fa879613a492,,78,6,50765cb7-d9ea-4e21-99a4-fa879613a492
249,fe913213-b311-4a42-8c16-47faeac938db,Motorola MPact,147,6,Motorola MPact
250,74278bda-b644-4520-8f0c-720eaf059935,Glimworm,846,6,Glimworm
251,fc9781c4-022b-4e04-9c65-cba35b2ccc49,,131,6,fc9781c4-022b-4e04-9c65-cba35b2ccc49
252,d77657c4-52a7-426f-b9d0-d71e10798c8a,SXSW,131,6,SXSW
253,6ab357ac-96dd-4d5e-a606-b9dd64c570c7,,773,6,6ab357ac-96dd-4d5e-a606-b9dd64c570c7
254,6ab357ac-96dd-4d5e-a606-b9dd64c570c7,,147,6,6ab357ac-96dd-4d5e-a606-b9dd64c570c7
255,8a21c76b-74e3-4341-92be-33fcfdefdd63,,25,6,8a21c76b-74e3-4341-92be-33fcfdefdd63
256,56db0365-a001-4062-9e4d-499d3b8eccf3,,133,6,56db0365-a001-4062-9e4d-499d3b8eccf3
257,e5fae995-38cb-4d78-ac3f-bd349871d6d4,,61,6,e5fae995-38cb-4d78-ac3f-bd349871d6d4
258,8a21c76b-74e3-4341-92be-33fcfdefdd63,,846,6,8a21c76b-74e3-4341-92be-33fcfdefdd63
259,8a21c76b-74e3-4341-92be-33fcfdefdd63,,855,6,8a21c76b-74e3-4341-92be-33fcfdefdd63
260,e2c56db5-dffb-48d2-b060-d0f5a71096e0,Apple AirLocate,871,6,Apple AirLocate
261,b2e5fc49-d460-42b9-893c-27dbaff9430b,,101,6,b2e5fc49-d460-42b9-893c-27dbaff9430b
262,b2e5fc49-d460-42b9-893c-27dbaff9430a,,61,6,b2e5fc49-d460-42b9-893c-27dbaff9430a
263,991f6f79-546b-d8fa-9850-2c2388c6d2ce,,23,6,991f6f79-546b-d8fa-9850-2c2388c6d2ce
264,9eb353a0-69b6-4947-b710-bae643c8bca5,,143,6,9eb353a0-69b6-4947-b710-bae643c8bca5
265,74278bda-b644-4520-8f0c-720eaf059935,Glimworm,847,6,Glimworm
266,74278bda-b644-4520-8f0c-720eaf059935,Glimworm,853,6,Glimworm
267,ab4c8ae3-86c7-4602-afb7-e82f678ef65a,,61,6,ab4c8ae3-86c7-4602-afb7-e82f678ef65a
268,d77657c4-52a7-426f-b9d0-d71e10798c8a,SXSW,149,6,SXSW
269,b2e5fc49-d460-42b9-893c-27dbaff94309,,34,6,b2e5fc49-d460-42b9-893c-27dbaff94309
270,8a21c76b-74e3-4341-92be-33fcfdefdd63,,29,6,8a21c76b-74e3-4341-92be-33fcfdefdd63
271,b8ba3d72-9fd6-4ca1-89f6-d0da18de8375,,13,6,b8ba3d72-9fd6-4ca1-89f6-d0da18de8375
272,74278bda-b644-4520-8f0c-720eaf059935,Glimworm,133,6,Glimworm
273,d8cec22e-e0c2-11e5-8d0f-02e208b2d34f,,109,6,d8cec22e-e0c2-11e5-8d0f-02e208b2d34f
274,d77657c4-52a7-426f-b9d0-d71e10798c8a,SXSW,1092,6,SXSW
275,50765cb7-d9ea-4e21-99a4-fa879613a492,,769,6,50765cb7-d9ea-4e21-99a4-fa879613a492
276,8b03238e-cebc-465d-8fb8-90e41e0f51ba,,938,6,8b03238e-cebc-465d-8fb8-90e41e0f51ba
277,00009999-0000-1000-8000-00177a000002,,13,6,00009999-0000-1000-8000-00177a000002
278,20cae8a0-a9cf-11e3-a5e2-0800200c9a66,Onyx beacon,147,6,Onyx beacon
279,2686f39c-bada-4658-854a-a62e7e5e8b8d,,954,6,2686f39c-bada-4658-854a-a62e7e5e8b8d
280,18a54793-5c75-49ae-af6d-3edda84dffc3,,34,6,18a54793-5c75-49ae-af6d-3edda84dffc3
281,2686f39c-bada-4658-854a-a62e7e5e8b8d,,53,6,2686f39c-bada-4658-854a-a62e7e5e8b8d
282,1ca92e23-f087-4df7-b9a2-fd4b716a4bf6,,141,6,1ca92e23-f087-4df7-b9a2-fd4b716a4bf6
283,00009999-0000-1000-8000-00177a000002,,109,6,00009999-0000-1000-8000-00177a000002
284,2f98233b-c528-4156-b9f6-bb8f01d2b557,,847,6,2f98233b-c528-4156-b9f6-bb8f01d2b557
285,440b011b-acc7-4de3-b991-9e825c24c810,,87,6,440b011b-acc7-4de3-b991-9e825c24c810
286,2686f39c-bada-4658-854a-a62e7e5e8b8d,,853,6,2686f39c-bada-4658-854a-a62e7e5e8b8d
287,2a955cfd-667b-4ac8-9141-73b9c168da7e,,134,6,2a955cfd-667b-4ac8-9141-73b9c168da7e
288,2a955cfd-667b-4ac8-9141-73b9c168da7e,,749,6,2a955cfd-667b-4ac8-9141-73b9c168da7e
289,4152554e-f99b-4a3b-86d0-947070693a78,Aruba Bluetooth Beacons (HP),61,6,Aruba Bluetooth Beacons (HP)
290,00009999-0000-1000-8000-00177a000002,,760,6,00009999-0000-1000-8000-00177a000002
291,00009999-0000-1000-8000-00177a000002,,127,6,00009999-0000-1000-8000-00177a000002
292,00009999-0000-1000-8000-00177a000002,,750,6,00009999-0000-1000-8000-00177a000002
293,1ca92e23-f087-4df7-b9a2-fd4b716a4bf6,,13,6,1ca92e23-f087-4df7-b9a2-fd4b716a4bf6
294,aa0c1a63-153f-4256-bc10-398508e2b590,,147,5,aa0c1a63-153f-4256-bc10-398508e2b590
295,38d76936-1b9f-425a-af17-612403da18b9,,147,5,38d76936-1b9f-425a-af17-612403da18b9
296,2686f39c-bada-4658-854a-a62e7e5e8b8d,,146,5,2686f39c-bada-4658-854a-a62e7e5e8b8d
297,7bc8ba18-f852-407e-be5f-36eff7b677e7,,131,5,7bc8ba18-f852-407e-be5f-36eff7b677e7
298,00009999-0000-1000-8000-00177a000002,,102,5,00009999-0000-1000-8000-00177a000002
299,d77657c4-52a7-426f-b9d0-d71e10798c8a,SXSW,34,5,SXSW
300,56db0365-a001-4062-9e4d-499d3b8eccf3,,130,5,56db0365-a001-4062-9e4d-499d3b8eccf3
301,2686f39c-bada-4658-854a-a62e7e5e8b8d,,77,5,2686f39c-bada-4658-854a-a62e7e5e8b8d
302,b2e5fc49-d460-42b9-893c-27dbaff94306,,101,5,b2e5fc49-d460-42b9-893c-27dbaff94306
303,56db0365-a001-4062-9e4d-499d3b8eccf3,,146,5,56db0365-a001-4062-9e4d-499d3b8eccf3
304,f7826da6-4fa2-4e98-8024-bc5b71e0893e,Kontakt,109,5,Kontakt
305,00009999-0000-1000-8000-00177a000002,,133,5,00009999-0000-1000-8000-00177a000002
306,d8cec22e-e0c2-11e5-8d0f-02e208b2d34f,,147,5,d8cec22e-e0c2-11e5-8d0f-02e208b2d34f
307,2686f39c-bada-4658-854a-a62e7e5e8b8d,,124,5,2686f39c-bada-4658-854a-a62e7e5e8b8d
308,31b0987b-7e64-4b54-ade4-4daa75573cd7,,61,5,31b0987b-7e64-4b54-ade4-4daa75573cd7
309,2686f39c-bada-4658-854a-a62e7e5e8b8d,,130,5,2686f39c-bada-4658-854a-a62e7e5e8b8d
310,2f98233b-c528-4156-b9f6-bb8f01d2b557,,846,5,2f98233b-c528-4156-b9f6-bb8f01d2b557
311,50765cb7-d9ea-4e21-99a4-fa879613a492,,881,5,50765cb7-d9ea-4e21-99a4-fa879613a492
312,b8ba3d72-9fd6-4ca1-89f6-d0da18de8375,,77,5,b8ba3d72-9fd6-4ca1-89f6-d0da18de8375
313,0f73d453-7524-4862-a864-3420875dba4b,,767,5,0f73d453-7524-4862-a864-3420875dba4b
314,2686f39c-bada-4658-854a-a62e7e5e8b8d,,132,5,2686f39c-bada-4658-854a-a62e7e5e8b8d
315,56db0365-a001-4062-9e4d-499d3b8eccf3,,19,5,56db0365-a001-4062-9e4d-499d3b8eccf3
316,d77657c4-52a7-426f-b9d0-d71e10798c8a,SXSW,130,5,SXSW
317,b2e5fc49-d460-42b9-893c-27dbaff9430b,,109,5,b2e5fc49-d460-42b9-893c-27dbaff9430b
318,75cc8143-2d24-e47a-33e4-61363092b83f,,34,5,75cc8143-2d24-e47a-33e4-61363092b83f
319,03040000-2aae-4d26-ad62-03e9a8637ebd,,61,5,03040000-2aae-4d26-ad62-03e9a8637ebd
320,e2c56db5-dffb-48d2-b060-d0f5a71096e0,Apple AirLocate,995,5,Apple AirLocate
321,e2c56db5-dffb-48d2-b060-d0f5a71096e0,Apple AirLocate,143,5,Apple AirLocate
322,6ab357ac-96dd-4d5e-a606-b9dd64c570c7,,855,5,6ab357ac-96dd-4d5e-a606-b9dd64c570c7
323,2686f39c-bada-4658-854a-a62e7e5e8b8d,,847,5,2686f39c-bada-4658-854a-a62e7e5e8b8d
324,2686f39c-bada-4658-854a-a62e7e5e8b8d,,873,5,2686f39c-bada-4658-854a-a62e7e5e8b8d
325,b2e5fc49-d460-42b9-893c-27dbaff94302,,109,5,b2e5fc49-d460-42b9-893c-27dbaff94302
326,fe913213-b311-4a42-8c16-47faeac938db,Motorola MPact,13,5,Motorola MPact
327,e2c56db5-dffb-48d2-b060-d0f5a71096e0,Apple AirLocate,146,5,Apple AirLocate
328,74278bda-b644-4520-8f0c-720eaf059935,Glimworm,78,5,Glimworm
329,8a21c76b-74e3-4341-92be-33fcfdefdd63,,752,5,8a21c76b-74e3-4341-92be-33fcfdefdd63
330,18a54793-5c75-49ae-af6d-3edda84dffc3,,748,5,18a54793-5c75-49ae-af6d-3edda84dffc3
331,50765cb7-d9ea-4e21-99a4-fa879613a492,,106,5,50765cb7-d9ea-4e21-99a4-fa879613a492
332,b2e5fc49-d460-42b9-893c-27dbaff94303,,109,5,b2e5fc49-d460-42b9-893c-27dbaff94303
333,50765cb7-d9ea-4e21-99a4-fa879613a492,,115,5,50765cb7-d9ea-4e21-99a4-fa879613a492
334,264a2992-d007-432e-b4ed-37d6af6e8d04,,109,5,264a2992-d007-432e-b4ed-37d6af6e8d04
335,1ca92e23-f087-4df7-b9a2-fd4b716a4bf6,,996,5,1ca92e23-f087-4df7-b9a2-fd4b716a4bf6
336,d77657c4-52a7-426f-b9d0-d71e10798c8a,SXSW,938,5,SXSW
337,a58bf14e-db0e-407e-ad7b-1d0a84528254,,131,5,a58bf14e-db0e-407e-ad7b-1d0a84528254
338,4d744d1f-9ee8-6e91-60ec-9c0643d8dff2,,873,5,4d744d1f-9ee8-6e91-60ec-9c0643d8dff2
339,6ab357ac-96dd-4d5e-a606-b9dd64c570c7,,109,5,6ab357ac-96dd-4d5e-a606-b9dd64c570c7
340,4165726f-6869-7665-4e65-74776f726b73,Aerohive,122,5,Aerohive
341,6ab357ac-96dd-4d5e-a606-b9dd64c570c7,,34,5,6ab357ac-96dd-4d5e-a606-b9dd64c570c7
342,9eb353a0-69b6-4947-b710-bae643c8bca5,,141,4,9eb353a0-69b6-4947-b710-bae643c8bca5
343,e2c56db5-dffb-48d2-b060-d0f5a71096e0,Apple AirLocate,131,4,Apple AirLocate
344,b19c90c3-c82c-ba3f-fa50-fdd2b787e5bb,,74,4,b19c90c3-c82c-ba3f-fa50-fdd2b787e5bb
345,e2e1adec-2e34-4320-82ff-b162204cef07,,954,4,e2e1adec-2e34-4320-82ff-b162204cef07
346,2a28c8e5-b65f-44aa-9837-e02e5967b103,,78,4,2a28c8e5-b65f-44aa-9837-e02e5967b103
347,b2e5fc49-d460-42b9-893c-27dbaff94308,,101,4,b2e5fc49-d460-42b9-893c-27dbaff94308
348,b2e5fc49-d460-42b9-893c-27dbaff94307,,124,4,b2e5fc49-d460-42b9-893c-27dbaff94307
349,e5fae995-38cb-4d78-ac3f-bd349871d6d4,,122,4,e5fae995-38cb-4d78-ac3f-bd349871d6d4
350,2686f39c-bada-4658-854a-a62e7e5e8b8d,,979,4,2686f39c-bada-4658-854a-a62e7e5e8b8d
351,d77657c4-52a7-426f-b9d0-d71e10798c8a,SXSW,748,4,SXSW
352,b2e5fc49-d460-42b9-893c-27dbaff94301,,109,4,b2e5fc49-d460-42b9-893c-27dbaff94301
353,74278bda-b644-4520-8f0c-720eaf059935,Glimworm,107,4,Glimworm
354,b2e5fc49-d460-42b9-893c-27dbaff94304,,109,4,b2e5fc49-d460-42b9-893c-27dbaff94304
355,1e84766c-ac5c-4df6-a0af-3ea98dd5a91a,,13,4,1e84766c-ac5c-4df6-a0af-3ea98dd5a91a
356,9eb353a0-69b6-4947-b710-bae643c8bca5,,109,4,9eb353a0-69b6-4947-b710-bae643c8bca5
357,d77657c4-52a7-426f-b9d0-d71e10798c8a,SXSW,954,4,SXSW
358,b2e5fc49-d460-42b9-893c-27dbaff94308,,124,4,b2e5fc49-d460-42b9-893c-27dbaff94308
359,00009999-0000-1000-8000-00177a000002,,131,4,00009999-0000-1000-8000-00177a000002
360,2a28c8e5-b65f-44aa-9837-e02e5967b107,,78,4,2a28c8e5-b65f-44aa-9837-e02e5967b107
361,74278bda-b644-4520-8f0c-720eaf059935,Glimworm,758,4,Glimworm
362,5e9917bd-f3ac-41e6-8226-3fd79f340dc5,,109,4,5e9917bd-f3ac-41e6-8226-3fd79f340dc5
363,98fc7ce5-64e6-4245-b1f4-5f2f9503e670,,120,4,98fc7ce5-64e6-4245-b1f4-5f2f9503e670
364,2686f39c-bada-4658-854a-a62e7e5e8b8d,,143,4,2686f39c-bada-4658-854a-a62e7e5e8b8d
365,b2e5fc49-d460-42b9-893c-27dbaff94303,,101,4,b2e5fc49-d460-42b9-893c-27dbaff94303
366,b2e5fc49-d460-42b9-893c-27dbaff94307,,107,4,b2e5fc49-d460-42b9-893c-27dbaff94307
367,2a28c8e5-b65f-44aa-9837-e02e5967b108,,78,4,2a28c8e5-b65f-44aa-9837-e02e5967b108
368,b2e5fc49-d460-42b9-893c-27dbaff94302,,124,4,b2e5fc49-d460-42b9-893c-27dbaff94302
369,2a28c8e5-b65f-44aa-9837-e02e5967b109,,78,4,2a28c8e5-b65f-44aa-9837-e02e5967b109
370,74278bda-b644-4520-8f0c-720eaf059935,Glimworm,805,4,Glimworm
371,74278bda-b644-4520-8f0c-720eaf059935,Glimworm,968,4,Glimworm
372,09142332-4556-0f78-899e-ebbcce94eff1,,109,4,09142332-4556-0f78-899e-ebbcce94eff1
373,8a21c76b-74e3-4341-92be-33fcfdefdd63,,87,4,8a21c76b-74e3-4341-92be-33fcfdefdd63
374,20cae8a0-a9cf-11e3-a5e2-0800200c9a66,Onyx beacon,13,4,Onyx beacon
375,ba7c72e9-17c1-4ecc-b3c0-0c960b14319e,,133,4,ba7c72e9-17c1-4ecc-b3c0-0c960b14319e
376,50765cb7-d9ea-4e21-99a4-fa879613a492,,150,4,50765cb7-d9ea-4e21-99a4-fa879613a492
377,c4b8ccde-cd5f-40ed-b5b2-f68851ff8ab2,,74,4,c4b8ccde-cd5f-40ed-b5b2-f68851ff8ab2
378,d451a8ca-6bf8-7847-ffad-d5370ba20806,,958,4,d451a8ca-6bf8-7847-ffad-d5370ba20806
379,8a21c76b-74e3-4341-92be-33fcfdefdd63,,769,4,8a21c76b-74e3-4341-92be-33fcfdefdd63
380,e2c56db5-dffb-48d2-b060-d0f5a71096e0,Apple AirLocate,61,4,Apple AirLocate
381,8a21c76b-74e3-4341-92be-33fcfdefdd63,,143,4,8a21c76b-74e3-4341-92be-33fcfdefdd63
382,e2c56db5-dffb-48d2-b060-d0f5a71096e0,Apple AirLocate,51,4,Apple AirLocate
383,458a7133-0000-4e37-a4a4-5d8492586977,,146,4,458a7133-0000-4e37-a4a4-5d8492586977
384,d77657c4-52a7-426f-b9d0-d71e10798c8a,SXSW,61,4,SXSW
385,fda50693-a4e2-4fb1-afcf-c6eb07647825,Skylab,34,4,Skylab
386,8a21c76b-74e3-4341-92be-33fcfdefdd63,,758,4,8a21c76b-74e3-4341-92be-33fcfdefdd63
387,bd48e18c-fc04-4c27-8176-8e55e8045c97,,131,4,bd48e18c-fc04-4c27-8176-8e55e8045c97
388,8a21c76b-74e3-4341-92be-33fcfdefdd63,,13,4,8a21c76b-74e3-4341-92be-33fcfdefdd63
389,fda50693-a4e2-4fb1-afcf-c6eb07647825,Skylab,147,4,Skylab
390,8a21c76b-74e3-4341-92be-33fcfdefdd63,,20,4,8a21c76b-74e3-4341-92be-33fcfdefdd63
391,50765cb7-d9ea-4e21-99a4-fa879613a492,,53,4,50765cb7-d9ea-4e21-99a4-fa879613a492
392,50765cb7-d9ea-4e21-99a4-fa879613a492,,74,4,50765cb7-d9ea-4e21-99a4-fa879613a492
393,00009999-0000-1000-8000-00177a000002,,104,4,00009999-0000-1000-8000-00177a000002
394,d77657c4-52a7-426f-b9d0-d71e10798c8a,SXSW,13,4,SXSW
395,36855890-eb06-4852-89b3-d35064ddce45,,19,4,36855890-eb06-4852-89b3-d35064ddce45
396,1acbad6e-e1a5-4838-a62a-d35d00c35b01,,131,4,1acbad6e-e1a5-4838-a62a-d35d00c35b01
397,74278bda-b644-4520-8f0c-720eaf059935,Glimworm,977,4,Glimworm
398,56db0365-a001-4062-9e4d-499d3b8eccf3,,147,4,56db0365-a001-4062-9e4d-499d3b8eccf3
399,b2e5fc49-d460-42b9-893c-27dbaff94309,,109,4,b2e5fc49-d460-42b9-893c-27dbaff94309
400,b2e5fc49-d460-42b9-893c-27dbaff94309,,124,4,b2e5fc49-d460-42b9-893c-27dbaff94309
401,00009999-0000-1000-8000-00177a000002,,34,4,00009999-0000-1000-8000-00177a000002
402,d77657c4-52a7-426f-b9d0-d71e10798c8a,SXSW,107,4,SXSW
403,e2c56db5-dffb-48d2-b060-d0f5a71096e0,Apple AirLocate,115,4,Apple AirLocate
404,00009999-0000-1000-8000-00177a000002,,117,4,00009999-0000-1000-8000-00177a000002
405,d77657c4-52a7-426f-b9d0-d71e10798c8a,SXSW,77,4,SXSW
406,d77657c4-52a7-426f-b9d0-d71e10798c8a,SXSW,847,3,SXSW
407,e0cb235d-7ee8-4e87-83c4-31730517fa09,,892,3,e0cb235d-7ee8-4e87-83c4-31730517fa09
408,8a21c76b-74e3-4341-92be-33fcfdefdd63,,101,3,8a21c76b-74e3-4341-92be-33fcfdefdd63
409,8a21c76b-74e3-4341-92be-33fcfdefdd63,,66,3,8a21c76b-74e3-4341-92be-33fcfdefdd63
410,8a21c76b-74e3-4341-92be-33fcfdefdd63,,146,3,8a21c76b-74e3-4341-92be-33fcfdefdd63
411,9eb353a0-69b6-4947-b710-bae643c8bca5,,122,3,9eb353a0-69b6-4947-b710-bae643c8bca5
412,12345678-abe6-c60b-ec01-098765432101,,120,3,12345678-abe6-c60b-ec01-098765432101
413,a58bf14e-db0e-407e-ad7b-1d0a84528254,,61,3,a58bf14e-db0e-407e-ad7b-1d0a84528254
414,2686f39c-bada-4658-854a-a62e7e5e8b8d,,1092,3,2686f39c-bada-4658-854a-a62e7e5e8b8d
415,2686f39c-bada-4658-854a-a62e7e5e8b8d,,874,3,2686f39c-bada-4658-854a-a62e7e5e8b8d
416,74278bda-b644-4520-8f0c-720eaf059935,Glimworm,89,3,Glimworm
417,d77657c4-52a7-426f-b9d0-d71e10798c8a,SXSW,767,3,SXSW
418,a64ee4c7-e8c8-4656-58a5-47aacb11f9fa,,131,3,a64ee4c7-e8c8-4656-58a5-47aacb11f9fa
419,8a21c76b-74e3-4341-92be-33fcfdefdd63,,74,3,8a21c76b-74e3-4341-92be-33fcfdefdd63
420,8a21c76b-74e3-4341-92be-33fcfdefdd63,,135,3,8a21c76b-74e3-4341-92be-33fcfdefdd63
421,20205def-9026-4955-bdcf-0a6a0fb547d2,,34,3,20205def-9026-4955-bdcf-0a6a0fb547d2
422,d77657c4-52a7-426f-b9d0-d71e10798c8a,SXSW,846,3,SXSW
423,20310c9b-98c7-94eb-2d47-cc42227e086f,,34,3,20310c9b-98c7-94eb-2d47-cc42227e086f
424,74278bda-b644-4520-8f0c-720eaf059935,Glimworm,99,3,Glimworm
425,8a21c76b-74e3-4341-92be-33fcfdefdd63,,977,3,8a21c76b-74e3-4341-92be-33fcfdefdd63
426,0f73d453-7524-4862-a864-3420875dba4b,,846,3,0f73d453-7524-4862-a864-3420875dba4b
427,1ca92e23-f087-4df7-b9a2-fd4b716a4bf6,,871,3,1ca92e23-f087-4df7-b9a2-fd4b716a4bf6
428,2686f39c-bada-4658-854a-a62e7e5e8b8d,,758,3,2686f39c-bada-4658-854a-a62e7e5e8b8d
429,067c472f-4465-4289-978c-0c76f743b8df,,133,3,067c472f-4465-4289-978c-0c76f743b8df
430,2686f39c-bada-4658-854a-a62e7e5e8b8d,,107,3,2686f39c-bada-4658-854a-a62e7e5e8b8d
431,74278bda-b644-4520-8f0c-720eaf059935,Glimworm,1096,3,Glimworm
432,74278bda-b644-4520-8f0c-720eaf059935,Glimworm,871,3,Glimworm
433,e2c56db5-dffb-48d2-b060-d0f5a71096e0,Apple AirLocate,130,3,Apple AirLocate
434,d954b22d-0031-4b02-b91d-f86c1fbd8d22,,141,3,d954b22d-0031-4b02-b91d-f86c1fbd8d22
435,2686f39c-bada-4658-854a-a62e7e5e8b8d,,144,3,2686f39c-bada-4658-854a-a62e7e5e8b8d
436,74278bda-b644-4520-8f0c-720eaf059935,Glimworm,797,3,Glimworm
437,7aa9f224-d71e-4758-8f60-aa013261b9ac,,55,3,7aa9f224-d71e-4758-8f60-aa013261b9ac
438,7aa9f224-d71e-4758-8f60-aa013261b9ac,,131,3,7aa9f224-d71e-4758-8f60-aa013261b9ac
439,e2c56db5-dffb-48d2-b060-d0f5a71096e0,Apple AirLocate,75,3,Apple AirLocate
440,2686f39c-bada-4658-854a-a62e7e5e8b8d,,760,3,2686f39c-bada-4658-854a-a62e7e5e8b8d
441,e23af6ec-8e03-f0f1-3025-883100020384,,13,3,e23af6ec-8e03-f0f1-3025-883100020384
442,2686f39c-bada-4658-854a-a62e7e5e8b8d,,73,3,2686f39c-bada-4658-854a-a62e7e5e8b8d
443,2686f39c-bada-4658-854a-a62e7e5e8b8d,,767,3,2686f39c-bada-4658-854a-a62e7e5e8b8d
444,74278bda-b644-4520-8f0c-720eaf059935,Glimworm,747,3,Glimworm
445,8a21c76b-74e3-4341-92be-33fcfdefdd63,,775,3,8a21c76b-74e3-4341-92be-33fcfdefdd63
446,2686f39c-bada-4658-854a-a62e7e5e8b8d,,28,3,2686f39c-bada-4658-854a-a62e7e5e8b8d
447,06649f1a-51ec-40c2-bae0-d1c063eae3bb,,34,3,06649f1a-51ec-40c2-bae0-d1c063eae3bb
448,2686f39c-bada-4658-854a-a62e7e5e8b8d,,25,3,2686f39c-bada-4658-854a-a62e7e5e8b8d
449,74278bda-b644-4520-8f0c-720eaf059935,Glimworm,146,3,Glimworm
450,8a21c76b-74e3-4341-92be-33fcfdefdd63,,979,3,8a21c76b-74e3-4341-92be-33fcfdefdd63
451,2686f39c-bada-4658-854a-a62e7e5e8b8d,,22,3,2686f39c-bada-4658-854a-a62e7e5e8b8d
452,e2c56db5-dffb-48d2-b060-d0f5a71096e0,Apple AirLocate,32,3,Apple AirLocate
453,c7804a54-10e5-4f29-9402-7465d89abeed,,147,3,c7804a54-10e5-4f29-9402-7465d89abeed
454,8a21c76b-74e3-4341-92be-33fcfdefdd63,,124,3,8a21c76b-74e3-4341-92be-33fcfdefdd63
455,aa0c1a63-153f-4256-bc10-398508e2b590,,767,3,aa0c1a63-153f-4256-bc10-398508e2b590
456,2a955cfd-667b-4ac8-9141-73b9c168da7e,,102,3,2a955cfd-667b-4ac8-9141-73b9c168da7e
457,2b63f6bd-8cd8-4d16-948b-9bbdb89fb2ac,,122,3,2b63f6bd-8cd8-4d16-948b-9bbdb89fb2ac
458,f59d67bd-3252-4d62-8ae6-c8af3a815b8f,,969,3,f59d67bd-3252-4d62-8ae6-c8af3a815b8f
459,fdb3b09b-12e2-4442-be37-35a00a1d9a06,,61,3,fdb3b09b-12e2-4442-be37-35a00a1d9a06
460,2a955cfd-667b-4ac8-9141-73b9c168da7e,,752,3,2a955cfd-667b-4ac8-9141-73b9c168da7e
461,2a955cfd-667b-4ac8-9141-73b9c168da7e,,127,3,2a955cfd-667b-4ac8-9141-73b9c168da7e
462,f59d67bd-3252-4d62-8ae6-c8af3a815b8f,,892,3,f59d67bd-3252-4d62-8ae6-c8af3a815b8f
463,2a955cfd-667b-4ac8-9141-73b9c168da7e,,80,3,2a955cfd-667b-4ac8-9141-73b9c168da7e
464,2f234454-cf6d-4a0f-adf2-f4911ba9ffa6,RadBeacon/Radius Network,28,3,RadBeacon/Radius Network
465,50765cb7-d9ea-4e21-99a4-fa879613a492,,75,3,50765cb7-d9ea-4e21-99a4-fa879613a492
466,5993a94c-7d97-4df7-9abf-e493bfd5d000,,1207,3,5993a94c-7d97-4df7-9abf-e493bfd5d000
467,b2e5fc49-d460-42b9-893c-27dbaff94306,,124,3,b2e5fc49-d460-42b9-893c-27dbaff94306
468,5e9917bd-f3ac-41e6-8226-3fd79f340dc5,,61,3,5e9917bd-f3ac-41e6-8226-3fd79f340dc5
469,5e9917bd-f3ac-41e6-8226-3fd79f340dc5,,131,3,5e9917bd-f3ac-41e6-8226-3fd79f340dc5
470,b2e5fc49-d460-42b9-893c-27dbaff94306,,109,3,b2e5fc49-d460-42b9-893c-27dbaff94306
471,c4abe711-56a5-fa70-a23f-616263646566,,23,3,c4abe711-56a5-fa70-a23f-616263646566
472,f7826da6-4fa2-4e98-8024-bc5b71e0893e,Kontakt,122,3,Kontakt
473,f34ebac4-7cd7-4027-878e-55f4e71d0309,,29,3,f34ebac4-7cd7-4027-878e-55f4e71d0309
474,b2e5fc49-d460-42b9-893c-27dbaff9430c,,109,3,b2e5fc49-d460-42b9-893c-27dbaff9430c
475,50765cb7-d9ea-4e21-99a4-fa879613a492,,149,3,50765cb7-d9ea-4e21-99a4-fa879613a492
476,00009999-0000-1000-8000-00177a000002,,78,3,00009999-0000-1000-8000-00177a000002
477,d77657c4-52a7-426f-b9d0-d71e10798c8a,SXSW,66,3,SXSW
478,fda50693-a4e2-4fb1-3344-ff767760cac6,Skylab,767,3,Skylab
479,50765cb7-d9ea-4e21-99a4-fa879613a492,,145,3,50765cb7-d9ea-4e21-99a4-fa879613a492
480,2f98233b-c528-4156-b9f6-bb8f01d2b557,,767,3,2f98233b-c528-4156-b9f6-bb8f01d2b557
481,50765cb7-d9ea-4e21-99a4-fa879613a492,,135,3,50765cb7-d9ea-4e21-99a4-fa879613a492
482,434b2eb8-c28f-4089-8e7a-1e644bb13b9f,,969,3,434b2eb8-c28f-4089-8e7a-1e644bb13b9f
483,fda50693-a4e2-4fb1-3344-ff767760cac6,Skylab,847,3,Skylab
484,4152554e-f99b-4a3b-86d0-947070693a78,Aruba Bluetooth Beacons (HP),120,3,Aruba Bluetooth Beacons (HP)
485,434b2eb8-c28f-4089-8e7a-1e644bb13b9f,,892,3,434b2eb8-c28f-4089-8e7a-1e644bb13b9f
486,5626d6a4-dcb8-4e33-8fb7-c13c70153bb2,,78,3,5626d6a4-dcb8-4e33-8fb7-c13c70153bb2
487,b2e5fc49-d460-42b9-893c-27dbaff94309,,122,3,b2e5fc49-d460-42b9-893c-27dbaff94309
488,b2e5fc49-d460-42b9-893c-27dbaff94309,,61,3,b2e5fc49-d460-42b9-893c-27dbaff94309
489,b2e5fc49-d460-42b9-893c-27dbaff94305,,109,3,b2e5fc49-d460-42b9-893c-27dbaff94305
490,5e9917bd-f3ac-41e6-8226-3fd79f340dc5,,120,3,5e9917bd-f3ac-41e6-8226-3fd79f340dc5
491,ba7c72e9-17c1-4ecc-b3c0-0c960b14319e,,124,3,ba7c72e9-17c1-4ecc-b3c0-0c960b14319e
492,aa0c1a63-153f-4256-bc10-398508e2b590,,847,3,aa0c1a63-153f-4256-bc10-398508e2b590
493,71b2f817-2875-4835-a94e-f9b6c31a5a24,,881,3,71b2f817-2875-4835-a94e-f9b6c31a5a24
494,aa0c1a63-153f-4256-bc10-398508e2b590,,800,3,aa0c1a63-153f-4256-bc10-398508e2b590
495,494e5445-4c4c-495f-524f-434b535f4857,,767,3,494e5445-4c4c-495f-524f-434b535f4857
496,d77657c4-52a7-426f-b9d0-d71e10798c8a,SXSW,150,3,SXSW
497,1ca92e23-f087-4df7-b9a2-fd4b716a4bf6,,51,3,1ca92e23-f087-4df7-b9a2-fd4b716a4bf6
498,6ca0c73c-f8ec-4687-9112-41dcb6f28879,,767,3,6ca0c73c-f8ec-4687-9112-41dcb6f28879
499,6a1a7b3b-2b8c-6a4c-9a7c-0d1403107060,,122,3,6a1a7b3b-2b8c-6a4c-9a7c-0d1403107060
500,146c60f1-23c8-6b23-34f3-b3ded89b4de0,,55,3,146c60f1-23c8-6b23-34f3-b3ded89b4de0
501,6ca0c73c-f8ec-4687-9112-41dcb6f28879,,141,3,6ca0c73c-f8ec-4687-9112-41dcb6f28879
502,6ca0c73c-f8ec-4687-9112-41dcb6f28879,,109,3,6ca0c73c-f8ec-4687-9112-41dcb6f28879
503,c4abe711-56a5-fa70-a23f-616263646566,,147,3,c4abe711-56a5-fa70-a23f-616263646566
504,b2e5fc49-d460-42b9-893c-27dbaff94301,,101,3,b2e5fc49-d460-42b9-893c-27dbaff94301
505,494e5445-4c4c-495f-524f-434b535f4857,,51,3,494e5445-4c4c-495f-524f-434b535f4857
506,6ca0c73c-f8ec-4687-9112-41dcb6f28879,,25,3,6ca0c73c-f8ec-4687-9112-41dcb6f28879
507,c4abe711-56a5-fa70-a23f-616263646566,,131,3,c4abe711-56a5-fa70-a23f-616263646566
508,2a28c8e5-b65f-44aa-9837-e02e5967b106,,74,3,2a28c8e5-b65f-44aa-9837-e02e5967b106
509,c7804a54-10e5-4f29-9402-7465d89abeed,,120,3,c7804a54-10e5-4f29-9402-7465d89abeed
510,d77657c4-52a7-426f-b9d0-d71e10798c8a,SXSW,143,3,SXSW
511,2a28c8e5-b65f-44aa-9837-e02e5967b106,,78,3,2a28c8e5-b65f-44aa-9837-e02e5967b106
512,4a84c409-89e1-497c-8251-2f2d778db8d6,,61,3,4a84c409-89e1-497c-8251-2f2d778db8d6
513,6ab357ac-96dd-4d5e-a606-b9dd64c570c7,,969,3,6ab357ac-96dd-4d5e-a606-b9dd64c570c7
514,50765cb7-d9ea-4e21-99a4-fa879613a492,,60,3,50765cb7-d9ea-4e21-99a4-fa879613a492
515,1ca92e23-f087-4df7-b9a2-fd4b716a4bf6,,55,3,1ca92e23-f087-4df7-b9a2-fd4b716a4bf6
516,494e5445-4c4c-495f-524f-434b535f4857,,847,3,494e5445-4c4c-495f-524f-434b535f4857
517,e2e1adec-2e34-4320-82ff-b162204cef07,,958,3,e2e1adec-2e34-4320-82ff-b162204cef07
518,b2e5fc49-d460-42b9-893c-27dbaff94304,,23,3,b2e5fc49-d460-42b9-893c-27dbaff94304
519,d77657c4-52a7-426f-b9d0-d71e10798c8a,SXSW,32,2,SXSW
520,bb407f30-f5f8-466e-aff9-25556b57fe66,,79,2,bb407f30-f5f8-466e-aff9-25556b57fe66
521,1ca92e23-f087-4df7-b9a2-fd4b716a4bf6,,775,2,1ca92e23-f087-4df7-b9a2-fd4b716a4bf6
522,c7804a54-10e5-4f29-9402-7465d89abeed,,13,2,c7804a54-10e5-4f29-9402-7465d89abeed
523,d451a8ca-6bf8-7847-ffad-d5370ba20806,,23,2,d451a8ca-6bf8-7847-ffad-d5370ba20806
524,dc4f4e8e-d7b0-4e72-b609-97f2796149f9,,124,2,dc4f4e8e-d7b0-4e72-b609-97f2796149f9
525,bb407f30-f5f8-466e-aff9-25556b57fe66,,135,2,bb407f30-f5f8-466e-aff9-25556b57fe66
526,bb865c82-49f0-4df9-b8f5-75a406405cbb,,124,2,bb865c82-49f0-4df9-b8f5-75a406405cbb
527,1acbad6e-e1a5-4838-a62a-d35d00c35b01,,13,2,1acbad6e-e1a5-4838-a62a-d35d00c35b01
528,e0cb235d-7ee8-4e87-83c4-31730517fa09,,53,2,e0cb235d-7ee8-4e87-83c4-31730517fa09
529,bfd12541-ce23-4201-a9f1-e97a24acac95,,13,2,bfd12541-ce23-4201-a9f1-e97a24acac95
530,1ca92e23-f087-4df7-b9a2-fd4b716a4bf6,,969,2,1ca92e23-f087-4df7-b9a2-fd4b716a4bf6
531,d77657c4-52a7-426f-b9d0-d71e10798c8a,SXSW,12,2,SXSW
532,1ca92e23-f087-4df7-b9a2-fd4b716a4bf6,,874,2,1ca92e23-f087-4df7-b9a2-fd4b716a4bf6
533,8a21c76b-74e3-4341-92be-33fcfdefdd63,,154,2,8a21c76b-74e3-4341-92be-33fcfdefdd63
534,c4abe711-56a5-fa70-a23f-616263646566,,61,2,c4abe711-56a5-fa70-a23f-616263646566
535,1ca92e23-f087-4df7-b9a2-fd4b716a4bf6,,146,2,1ca92e23-f087-4df7-b9a2-fd4b716a4bf6
536,1ca92e23-f087-4df7-b9a2-fd4b716a4bf6,,938,2,1ca92e23-f087-4df7-b9a2-fd4b716a4bf6
537,bfd12541-ce23-4201-a9f1-e97a24acac95,,130,2,bfd12541-ce23-4201-a9f1-e97a24acac95
538,1ca92e23-f087-4df7-b9a2-fd4b716a4bf6,,34,2,1ca92e23-f087-4df7-b9a2-fd4b716a4bf6
539,8a21c76b-74e3-4341-92be-33fcfdefdd63,,805,2,8a21c76b-74e3-4341-92be-33fcfdefdd63
540,d77657c4-52a7-426f-b9d0-d71e10798c8a,SXSW,51,2,SXSW
541,1ca92e23-f087-4df7-b9a2-fd4b716a4bf6,,109,2,1ca92e23-f087-4df7-b9a2-fd4b716a4bf6
542,b2e5fc49-d460-42b9-893c-27dbaff94305,,107,2,b2e5fc49-d460-42b9-893c-27dbaff94305
543,b2e5fc49-d460-42b9-893c-27dbaff94304,,107,2,b2e5fc49-d460-42b9-893c-27dbaff94304
544,b2e5fc49-d460-42b9-893c-27dbaff94304,,61,2,b2e5fc49-d460-42b9-893c-27dbaff94304
545,9d410000-35d6-f4dd-ba60-e7bd8dc491c0,,954,2,9d410000-35d6-f4dd-ba60-e7bd8dc491c0
546,b2e5fc49-d460-42b9-893c-27dbaff94304,,34,2,b2e5fc49-d460-42b9-893c-27dbaff94304
547,b2e5fc49-d460-42b9-893c-27dbaff94302,,101,2,b2e5fc49-d460-42b9-893c-27dbaff94302
548,b2e5fc49-d460-42b9-893c-27dbaff94301,,107,2,b2e5fc49-d460-42b9-893c-27dbaff94301
549,b2e5fc49-d460-42b9-893c-27dbaff94300,,107,2,b2e5fc49-d460-42b9-893c-27dbaff94300
550,d77657c4-52a7-426f-b9d0-d71e10798c8a,SXSW,805,2,SXSW
551,aaaaaaa0-bbb0-ccc0-ddd0-97c440000001,,1092,2,aaaaaaa0-bbb0-ccc0-ddd0-97c440000001
552,a05fd6bc-e856-e9e9-7e58-c9eb207d5213,,55,2,a05fd6bc-e856-e9e9-7e58-c9eb207d5213
553,aa0c1a63-153f-4256-bc10-398508e2b590,,846,2,aa0c1a63-153f-4256-bc10-398508e2b590
554,a8d278e4-35b5-44ef-9cac-0f3fc511fe3e,,995,2,a8d278e4-35b5-44ef-9cac-0f3fc511fe3e
555,d77657c4-52a7-426f-b9d0-d71e10798c8a,SXSW,752,2,SXSW
556,aa0c1a63-153f-4256-bc10-398508e2b590,,775,2,aa0c1a63-153f-4256-bc10-398508e2b590
557,aa0c1a63-153f-4256-bc10-398508e2b590,,19,2,aa0c1a63-153f-4256-bc10-398508e2b590
558,961ee482-93b2-3d07-50fa-0334460917c2,,146,2,961ee482-93b2-3d07-50fa-0334460917c2
559,b2e5fc49-d460-42b9-893c-27dbaff94307,,101,2,b2e5fc49-d460-42b9-893c-27dbaff94307
560,0c722c7e-9a1c-f7b6-8337-579c29b39ed9,,51,2,0c722c7e-9a1c-f7b6-8337-579c29b39ed9
561,1b9f43be-9830-48a9-9d2f-5684fbe67624,,32,2,1b9f43be-9830-48a9-9d2f-5684fbe67624
562,ba679be4-7e1d-42b7-80f7-c97a162dab5b,,61,2,ba679be4-7e1d-42b7-80f7-c97a162dab5b
563,18a54793-5c75-49ae-af6d-3edda84dffc3,,131,2,18a54793-5c75-49ae-af6d-3edda84dffc3
564,8a21c76b-74e3-4341-92be-33fcfdefdd63,,847,2,8a21c76b-74e3-4341-92be-33fcfdefdd63
565,1ca92e23-f087-4df7-b9a2-fd4b716a4bf6,,133,2,1ca92e23-f087-4df7-b9a2-fd4b716a4bf6
566,8a21c76b-74e3-4341-92be-33fcfdefdd63,,871,2,8a21c76b-74e3-4341-92be-33fcfdefdd63
567,8a21c76b-74e3-4341-92be-33fcfdefdd63,,881,2,8a21c76b-74e3-4341-92be-33fcfdefdd63
568,b2e5fc49-d460-42b9-893c-27dbaff9430c,,61,2,b2e5fc49-d460-42b9-893c-27dbaff9430c
569,b2e5fc49-d460-42b9-893c-27dbaff9430b,,61,2,b2e5fc49-d460-42b9-893c-27dbaff9430b
570,18a54793-5c75-49ae-af6d-3edda84dffc3,,61,2,18a54793-5c75-49ae-af6d-3edda84dffc3
571,b2e5fc49-d460-42b9-893c-27dbaff9430a,,109,2,b2e5fc49-d460-42b9-893c-27dbaff9430a
572,b2e5fc49-d460-42b9-893c-27dbaff9430a,,101,2,b2e5fc49-d460-42b9-893c-27dbaff9430a
573,8a21c76b-74e3-4341-92be-33fcfdefdd63,,954,2,8a21c76b-74e3-4341-92be-33fcfdefdd63
574,aa0c1a63-153f-4256-bc10-398508e2b590,,109,2,aa0c1a63-153f-4256-bc10-398508e2b590
575,d77657c4-52a7-426f-b9d0-d71e10798c8a,SXSW,122,2,SXSW
576,8b03238e-cebc-465d-8fb8-90e41e0f51ba,,855,2,8b03238e-cebc-465d-8fb8-90e41e0f51ba
577,0adb26f9-0f6f-52e3-c28e-e993430def6c,,1143,2,0adb26f9-0f6f-52e3-c28e-e993430def6c
578,1566d364-f9fb-47bf-9174-1f6f5c8734a2,,120,2,1566d364-f9fb-47bf-9174-1f6f5c8734a2
579,74278bda-b644-4520-8f0c-720eaf059935,Glimworm,938,2,Glimworm
580,1e84766c-ac5c-4df6-a0af-3ea98dd5a91a,,122,2,1e84766c-ac5c-4df6-a0af-3ea98dd5a91a
581,74278bda-b644-4520-8f0c-720eaf059935,Glimworm,28,2,Glimworm
582,2f234454-cf6d-4a0f-adf2-f4911ba9ffa6,RadBeacon/Radius Network,847,2,RadBeacon/Radius Network
583,33f08f0f-cfa7-a254-0027-eb4bbf160a17,,147,2,33f08f0f-cfa7-a254-0027-eb4bbf160a17
584,6ca0c73c-f8ec-4687-9112-41dcb6f28879,,147,2,6ca0c73c-f8ec-4687-9112-41dcb6f28879
585,50765cb7-d9ea-4e21-99a4-fa879613a492,,799,2,50765cb7-d9ea-4e21-99a4-fa879613a492
586,6ca0c73c-f8ec-4687-9112-41dcb6f28879,,1981,2,6ca0c73c-f8ec-4687-9112-41dcb6f28879
587,3ddab011-957f-7d4a-34a6-74696673696d,,969,2,3ddab011-957f-7d4a-34a6-74696673696d
588,71b2f817-2875-4835-a94e-f9b6c31a5a24,,122,2,71b2f817-2875-4835-a94e-f9b6c31a5a24
589,3ddab011-957f-7d4a-34a6-74696673696d,,993,2,3ddab011-957f-7d4a-34a6-74696673696d
590,71b2f817-2875-4835-a94e-f9b6c31a5a24,,133,2,71b2f817-2875-4835-a94e-f9b6c31a5a24
591,e502ebe8-3b55-4bfe-9c97-657e061c3114,,83,2,e502ebe8-3b55-4bfe-9c97-657e061c3114
592,2a28c8e5-b65f-44aa-9837-e02e5967b102,,78,2,2a28c8e5-b65f-44aa-9837-e02e5967b102
593,e2e1adec-2e34-4320-82ff-b162204cef07,,32,2,e2e1adec-2e34-4320-82ff-b162204cef07
594,6ca0c73c-f8ec-4687-9112-41dcb6f28879,,34,2,6ca0c73c-f8ec-4687-9112-41dcb6f28879
595,e2c56db5-dffb-48d2-b060-d0f5a71096e0,Apple AirLocate,1200,2,Apple AirLocate
596,3ddab011-957f-7d4a-34a6-74696673696d,,996,2,3ddab011-957f-7d4a-34a6-74696673696d
597,26ed0941-449e-4fce-978c-a4cb645b9161,,133,2,26ed0941-449e-4fce-978c-a4cb645b9161
598,74278bda-b644-4520-8f0c-720eaf059935,Glimworm,60,2,Glimworm
599,2686f39c-bada-4658-854a-a62e7e5e8b8d,,996,2,2686f39c-bada-4658-854a-a62e7e5e8b8d
600,00009999-0000-1000-8000-00177a000002,,769,2,00009999-0000-1000-8000-00177a000002
601,fc9781c4-022b-4e04-9c65-cba35b2ccc49,,120,2,fc9781c4-022b-4e04-9c65-cba35b2ccc49
602,56db0365-a001-4062-9e4d-499d3b8eccf3,,28,2,56db0365-a001-4062-9e4d-499d3b8eccf3
603,74278bda-b644-4520-8f0c-720eaf059935,Glimworm,72,2,Glimworm
604,2686f39c-bada-4658-854a-a62e7e5e8b8d,,995,2,2686f39c-bada-4658-854a-a62e7e5e8b8d
605,00014422-d102-11e1-9b23-00025b00a5a5,,131,2,00014422-d102-11e1-9b23-00025b00a5a5
606,e0d2870b-849d-1df0-fe9a-ac5f0002038c,,13,2,e0d2870b-849d-1df0-fe9a-ac5f0002038c
607,6ca0c73c-f8ec-4687-9112-41dcb6f28879,,23,2,6ca0c73c-f8ec-4687-9112-41dcb6f28879
608,74278bda-b644-4520-8f0c-720eaf059935,Glimworm,79,2,Glimworm
609,f7b5c2e9-949d-49f3-bb3b-08762506cec1,,133,2,f7b5c2e9-949d-49f3-bb3b-08762506cec1
610,2f234454-cf6d-4a0f-adf2-f4911ba9ffa6,RadBeacon/Radius Network,147,2,RadBeacon/Radius Network
611,2f234454-cf6d-4a0f-adf2-f4911ba9ffa6,RadBeacon/Radius Network,135,2,RadBeacon/Radius Network
612,55aeed94-0050-4794-856a-c438e4e4b5f4,,133,2,55aeed94-0050-4794-856a-c438e4e4b5f4
613,56db0365-a001-4062-9e4d-499d3b8eccf3,,758,2,56db0365-a001-4062-9e4d-499d3b8eccf3
614,56db0365-a001-4062-9e4d-499d3b8eccf3,,871,2,56db0365-a001-4062-9e4d-499d3b8eccf3
615,5993a94c-7d97-4df7-9abf-e493bfd5d000,,19,2,5993a94c-7d97-4df7-9abf-e493bfd5d000
616,5993a94c-7d97-4df7-9abf-e493bfd5d000,,51,2,5993a94c-7d97-4df7-9abf-e493bfd5d000
617,5993a94c-7d97-4df7-9abf-e493bfd5d000,,69,2,5993a94c-7d97-4df7-9abf-e493bfd5d000
618,55aeed94-0050-4794-856a-c438e4e4b5f4,,122,2,55aeed94-0050-4794-856a-c438e4e4b5f4
619,2c0a365b-6f57-c283-0822-10675002094f,,133,2,2c0a365b-6f57-c283-0822-10675002094f
620,2a955cfd-667b-4ac8-9141-73b9c168da7e,,769,2,2a955cfd-667b-4ac8-9141-73b9c168da7e
621,5a215317-4ac6-e6bc-ba34-87c35b6e79d5,,752,2,5a215317-4ac6-e6bc-ba34-87c35b6e79d5
622,6ab357ac-96dd-4d5e-a606-b9dd64c570c7,,892,2,6ab357ac-96dd-4d5e-a606-b9dd64c570c7
623,f34ebac4-7cd7-4027-878e-55f4e71d0309,,133,2,f34ebac4-7cd7-4027-878e-55f4e71d0309
624,2f234454-cf6d-4a0f-adf2-f4911ba9ffa6,RadBeacon/Radius Network,767,2,RadBeacon/Radius Network
625,00009999-0000-1000-8000-00177a000002,,122,2,00009999-0000-1000-8000-00177a000002
626,6ab357ac-96dd-4d5e-a606-b9dd64c570c7,,19,2,6ab357ac-96dd-4d5e-a606-b9dd64c570c7
627,6ab357ac-96dd-4d5e-a606-b9dd64c570c7,,25,2,6ab357ac-96dd-4d5e-a606-b9dd64c570c7
628,f02d7ba4-60a8-4ccc-9321-ac26078b9d26,,79,2,f02d7ba4-60a8-4ccc-9321-ac26078b9d26
629,f000f0c0-0451-4000-b000-000000000000,,23,2,f000f0c0-0451-4000-b000-000000000000
630,2a28c8e5-b65f-44aa-9837-e02e5967b105,,78,2,2a28c8e5-b65f-44aa-9837-e02e5967b105
631,2a28c8e5-b65f-44aa-9837-e02e5967b105,,74,2,2a28c8e5-b65f-44aa-9837-e02e5967b105
632,2a28c8e5-b65f-44aa-9837-e02e5967b104,,78,2,2a28c8e5-b65f-44aa-9837-e02e5967b104
633,6ab357ac-96dd-4d5e-a606-b9dd64c570c7,,799,2,6ab357ac-96dd-4d5e-a606-b9dd64c570c7
634,74278bda-b644-4520-8f0c-720eaf059935,Glimworm,76,2,Glimworm
635,74278bda-b644-4520-8f0c-720eaf059935,Glimworm,66,2,Glimworm
636,2686f39c-bada-4658-854a-a62e7e5e8b8d,,969,2,2686f39c-bada-4658-854a-a62e7e5e8b8d
637,74278bda-b644-4520-8f0c-720eaf059935,Glimworm,969,2,Glimworm
638,2686f39c-bada-4658-854a-a62e7e5e8b8d,,99,2,2686f39c-bada-4658-854a-a62e7e5e8b8d
639,74278bda-b644-4520-8f0c-720eaf059935,Glimworm,998,2,Glimworm
640,000170a0-79dc-4457-8175-c2a3de60b80b,,32,2,000170a0-79dc-4457-8175-c2a3de60b80b
641,43a2bc29-c111-4a76-8b6f-78aecb142e5a,,141,2,43a2bc29-c111-4a76-8b6f-78aecb142e5a
642,7aa9f224-d71e-4758-8f60-aa013261b9ac,,53,2,7aa9f224-d71e-4758-8f60-aa013261b9ac
643,2686f39c-bada-4658-854a-a62e7e5e8b8d,,87,2,2686f39c-bada-4658-854a-a62e7e5e8b8d
644,7aa9f224-d71e-4758-8f60-aa013261b9ac,,120,2,7aa9f224-d71e-4758-8f60-aa013261b9ac
645,2686f39c-bada-4658-854a-a62e7e5e8b8d,,78,2,2686f39c-bada-4658-854a-a62e7e5e8b8d
646,458a7133-0000-4e37-a4a4-5d8492586977,,131,2,458a7133-0000-4e37-a4a4-5d8492586977
647,8277a5f1-4166-45d1-9f97-905df2a427d5,,53,2,8277a5f1-4166-45d1-9f97-905df2a427d5
648,8277a5f1-4166-45d1-9f97-905df2a427d5,,979,2,8277a5f1-4166-45d1-9f97-905df2a427d5
649,50765cb7-d9ea-4e21-99a4-fa879613a492,,31,2,50765cb7-d9ea-4e21-99a4-fa879613a492
650,8a21c76b-74e3-4341-92be-33fcfdefdd63,,32,2,8a21c76b-74e3-4341-92be-33fcfdefdd63
651,e23af6ec-8e03-f0f1-3025-883100000384,,13,2,e23af6ec-8e03-f0f1-3025-883100000384
652,fe913213-b311-4a42-8c16-47faeac938db,Motorola MPact,23,2,Motorola MPact
653,e20a39f4-73f5-4bc4-1864-17d1ad07a962,,143,2,e20a39f4-73f5-4bc4-1864-17d1ad07a962
654,e20a39f4-73f5-4bc4-1864-17d1ad07a962,,124,2,e20a39f4-73f5-4bc4-1864-17d1ad07a962
655,504f4c45-5354-4152-0000-000000000000,Omni access stellar (Alcatel Lucent),150,2,Omni access stellar (Alcatel Lucent)
656,494e5445-4c4c-495f-524f-434b535f4857,,846,2,494e5445-4c4c-495f-524f-434b535f4857
657,fe913213-b311-4a42-8c16-47faeac938db,Motorola MPact,145,2,Motorola MPact
658,e150ec1c-0d67-4793-be2b-f6c0360bae61,,122,2,e150ec1c-0d67-4793-be2b-f6c0360bae61
659,74278bda-b644-4520-8f0c-720eaf059935,Glimworm,979,2,Glimworm
660,00009999-0000-1000-8000-00177a000002,,124,2,00009999-0000-1000-8000-00177a000002
661,2686f39c-bada-4658-854a-a62e7e5e8b8d,,750,2,2686f39c-bada-4658-854a-a62e7e5e8b8d
662,e2c56db5-dffb-48d2-b060-d0f5a71096e0,Apple AirLocate,150,2,Apple AirLocate
663,74278bda-b644-4520-8f0c-720eaf059935,Glimworm,775,2,Glimworm
664,50765cb7-d9ea-4e21-99a4-fa879613a492,,107,2,50765cb7-d9ea-4e21-99a4-fa879613a492
665,2686f39c-bada-4658-854a-a62e7e5e8b8d,,846,2,2686f39c-bada-4658-854a-a62e7e5e8b8d
666,4165726f-6869-7665-4e65-74776f726b73,Aerohive,34,2,Aerohive
667,fda50693-a4e2-4fb1-afcf-c6eb07647825,Skylab,150,2,Skylab
668,4165726f-6869-7665-4e65-74776f726b73,Aerohive,131,2,Aerohive
669,74278bda-b644-4520-8f0c-720eaf059935,Glimworm,150,2,Glimworm
670,fda50693-a4e2-4fb1-3344-ff767760cac6,Skylab,846,2,Skylab
671,74278bda-b644-4520-8f0c-720eaf059935,Glimworm,799,2,Glimworm
672,74278bda-b644-4520-8f0c-720eaf059935,Glimworm,134,2,Glimworm
673,74278bda-b644-4520-8f0c-720eaf059935,Glimworm,877,2,Glimworm
674,74278bda-b644-4520-8f0c-720eaf059935,Glimworm,892,2,Glimworm
675,2686f39c-bada-4658-854a-a62e7e5e8b8d,,855,2,2686f39c-bada-4658-854a-a62e7e5e8b8d
676,c9a877b7-30ba-5d47-aadf-31aa5078c24a,,109,2,c9a877b7-30ba-5d47-aadf-31aa5078c24a
677,fdb3b09b-12e2-4442-be37-35a00a1d9a06,,146,1,fdb3b09b-12e2-4442-be37-35a00a1d9a06
678,18a54793-5c75-49ae-af6d-3edda84dffc3,,133,1,18a54793-5c75-49ae-af6d-3edda84dffc3
679,00009999-0000-1000-8000-00177a000002,,107,1,00009999-0000-1000-8000-00177a000002
680,fda50693-a4e2-4fb1-afcf-c6eb07647825,Skylab,109,1,Skylab
681,fe913213-b311-4a42-8c16-47faeac938db,Motorola MPact,124,1,Motorola MPact
682,fda50693-a4e2-4fb1-3344-df97a470ee50,Skylab,109,1,Skylab
683,00009999-0000-1000-8000-00177a000002,,60,1,00009999-0000-1000-8000-00177a000002
684,f9d79150-efc7-45ab-8738-f7054902ee2b,,124,1,f9d79150-efc7-45ab-8738-f7054902ee2b
685,d77657c4-52a7-426f-b9d0-d71e10798c8a,SXSW,108,1,SXSW
686,d77657c4-52a7-426f-b9d0-d71e10798c8a,SXSW,3,1,SXSW
687,f87681b0-a7c6-11e9-b475-0800200c9a66,,122,1,f87681b0-a7c6-11e9-b475-0800200c9a66
688,d77657c4-52a7-426f-b9d0-d71e10798c8a,SXSW,62,1,SXSW
689,faaf3ed6-6d65-a7a2-5f13-3024d059405d,,73,1,faaf3ed6-6d65-a7a2-5f13-3024d059405d
690,d77657c4-52a7-426f-b9d0-d71e10798c8a,SXSW,79,1,SXSW
691,fdb3b09b-12e2-4442-be37-35a00a1d9a06,,133,1,fdb3b09b-12e2-4442-be37-35a00a1d9a06
692,fdb3b09b-12e2-4442-be37-35a00a1d9a06,,131,1,fdb3b09b-12e2-4442-be37-35a00a1d9a06
693,00009999-0000-1000-8000-00177a000002,,101,1,00009999-0000-1000-8000-00177a000002
694,d77657c4-52a7-426f-b9d0-d71e10798c8a,SXSW,29,1,SXSW
695,faaf3ed6-6d65-a7a2-5f13-3024d059405d,,74,1,faaf3ed6-6d65-a7a2-5f13-3024d059405d
696,19aea2b5-f0a9-4e7a-9599-69f65845dd03,,66,1,19aea2b5-f0a9-4e7a-9599-69f65845dd03
697,d77657c4-52a7-426f-b9d0-d71e10798c8a,SXSW,58,1,SXSW
698,00009999-0000-1000-8000-00177a000002,,120,1,00009999-0000-1000-8000-00177a000002
699,fda50693-a4e2-4fb1-afcf-c6eb07647825,Skylab,855,1,Skylab
700,18a54793-5c75-49ae-af6d-3edda84dffc3,,773,1,18a54793-5c75-49ae-af6d-3edda84dffc3
701,ef090000-11d6-42ba-93b8-9dd7ec090aa9,,797,1,ef090000-11d6-42ba-93b8-9dd7ec090aa9
702,18a54793-5c75-49ae-af6d-3edda84dffc3,,124,1,18a54793-5c75-49ae-af6d-3edda84dffc3
703,e2c56db5-dffb-48d2-b060-d0f5a71096e0,Apple AirLocate,83,1,Apple AirLocate
704,e2c56db5-dffb-48d2-b060-d0f5a71096e0,Apple AirLocate,749,1,Apple AirLocate
705,01059016-c1e6-3da5-7b81-eb84d9860645,,34,1,01059016-c1e6-3da5-7b81-eb84d9860645
706,010e5daf-960b-43da-b605-89d5f040b217,,147,1,010e5daf-960b-43da-b605-89d5f040b217
707,d8135e1e-e71c-4e14-97a6-3501a36954d7,,133,1,d8135e1e-e71c-4e14-97a6-3501a36954d7
708,0f73d453-7524-4862-a864-3420875dba4b,,53,1,0f73d453-7524-4862-a864-3420875dba4b
709,e2c56db5-dffb-48d2-b060-d0f5a71096e0,Apple AirLocate,134,1,Apple AirLocate
710,0adb26f9-0f6f-52e3-c28e-e993430def6c,,1096,1,0adb26f9-0f6f-52e3-c28e-e993430def6c
711,048ec0bc-7d57-4d14-90f0-4f427e8eea36,,120,1,048ec0bc-7d57-4d14-90f0-4f427e8eea36
712,06649f1a-51ec-40c2-bae0-d1c063eae3bb,,13,1,06649f1a-51ec-40c2-bae0-d1c063eae3bb
713,06649f1a-51ec-40c2-bae0-d1c063eae3bb,,956,1,06649f1a-51ec-40c2-bae0-d1c063eae3bb
714,e2c56db5-dffb-48d2-b060-d0f5a71096e0,Apple AirLocate,72,1,Apple AirLocate
715,18a54793-5c75-49ae-af6d-3edda84dffc3,,120,1,18a54793-5c75-49ae-af6d-3edda84dffc3
716,e2c56db5-dffb-48d2-b060-d0f5a71096e0,Apple AirLocate,66,1,Apple AirLocate
717,dc4f4e8e-d7b0-4e72-b609-97f2796149f9,,122,1,dc4f4e8e-d7b0-4e72-b609-97f2796149f9
718,06649f1a-51ec-40c2-bae0-d1c063eae3bb,,141,1,06649f1a-51ec-40c2-bae0-d1c063eae3bb
719,e2c56db5-dffb-48d2-b060-d0f5a71096e0,Apple AirLocate,19,1,Apple AirLocate
720,e20a39f4-73f5-4bc4-1864-17d1ad07a962,,145,1,e20a39f4-73f5-4bc4-1864-17d1ad07a962
721,df5558f8-0c2e-46e6-9da9-4c82824ceda1,,34,1,df5558f8-0c2e-46e6-9da9-4c82824ceda1
722,e20a39f4-73f5-4bc4-1864-17d1ad07a962,,122,1,e20a39f4-73f5-4bc4-1864-17d1ad07a962
723,e20a39f4-73f5-4bc4-1864-17d1ad07a962,,32,1,e20a39f4-73f5-4bc4-1864-17d1ad07a962
724,e1f54e02-1e23-44e0-9c3d-512eb56adec9,,120,1,e1f54e02-1e23-44e0-9c3d-512eb56adec9
725,e1717541-3116-b5a5-8f5c-458db726c2b7,,969,1,e1717541-3116-b5a5-8f5c-458db726c2b7
726,0f73d453-7524-4862-a864-3420875dba4b,,847,1,0f73d453-7524-4862-a864-3420875dba4b
727,d77657c4-52a7-426f-b9d0-d71e10798c8a,SXSW,853,1,SXSW
728,e2c56db5-dffb-48d2-b060-d0f5a71096e0,Apple AirLocate,758,1,Apple AirLocate
729,d77657c4-52a7-426f-b9d0-d71e10798c8a,SXSW,769,1,SXSW
730,f7826da6-4fa2-4e98-8024-bc5b71e0893e,Kontakt,34,1,Kontakt
731,f59d67bd-3252-4d62-8ae6-c8af3a815b8f,,61,1,f59d67bd-3252-4d62-8ae6-c8af3a815b8f
732,f34ebac4-7cd7-4027-878e-55f4e71d0309,,122,1,f34ebac4-7cd7-4027-878e-55f4e71d0309
733,18a54793-5c75-49ae-af6d-3edda84dffc3,,55,1,18a54793-5c75-49ae-af6d-3edda84dffc3
734,f34ebac4-7cd7-4027-878e-55f4e71d0309,,120,1,f34ebac4-7cd7-4027-878e-55f4e71d0309
735,f34ebac4-7cd7-4027-878e-55f4e71d0309,,61,1,f34ebac4-7cd7-4027-878e-55f4e71d0309
736,f2356731-fbd4-4a10-8aa2-c89adf48a98d,,954,1,f2356731-fbd4-4a10-8aa2-c89adf48a98d
737,f2356731-fbd4-4a10-8aa2-c89adf48a98d,,13,1,f2356731-fbd4-4a10-8aa2-c89adf48a98d
738,f02d7ba4-60a8-4ccc-9321-ac26078b9d26,,120,1,f02d7ba4-60a8-4ccc-9321-ac26078b9d26
739,d77657c4-52a7-426f-b9d0-d71e10798c8a,SXSW,145,1,SXSW
740,ec00025c-5101-142e-3505-1ea495693654,,131,1,ec00025c-5101-142e-3505-1ea495693654
741,e8996658-ba30-9e10-ced8-daaeb21e1afd,,19,1,e8996658-ba30-9e10-ced8-daaeb21e1afd
742,14839ac4-7d7e-415c-9a42-167340cf2339,,29,1,14839ac4-7d7e-415c-9a42-167340cf2339
743,e688762b-df54-86c3-df1a-6801b80c1257,,131,1,e688762b-df54-86c3-df1a-6801b80c1257
744,e60fdc20-9e42-11e9-b475-0800200c9a66,,76,1,e60fdc20-9e42-11e9-b475-0800200c9a66
745,00009999-0000-1000-8000-00177a000002,,147,1,00009999-0000-1000-8000-00177a000002
746,e5a392d8-5351-4fb4-8bde-277773263d48,,969,1,e5a392d8-5351-4fb4-8bde-277773263d48
747,d77657c4-52a7-426f-b9d0-d71e10798c8a,SXSW,154,1,SXSW
748,d77657c4-52a7-426f-b9d0-d71e10798c8a,SXSW,750,1,SXSW
749,e5a392d8-5351-4fb4-8bde-277773263d48,,773,1,e5a392d8-5351-4fb4-8bde-277773263d48
750,e2c56db5-dffb-48d2-b060-d0f5a71096e0,Apple AirLocate,998,1,Apple AirLocate
751,4b993cd6-1f3a-466f-aac7-cd79c01b9a20,,13,1,4b993cd6-1f3a-466f-aac7-cd79c01b9a20
752,8a21c76b-74e3-4341-92be-33fcfdefdd63,,874,1,8a21c76b-74e3-4341-92be-33fcfdefdd63
753,c94749f5-0516-4b84-ab64-1d349ee9d79d,,31,1,c94749f5-0516-4b84-ab64-1d349ee9d79d
754,5e9917bd-f3ac-41e6-8226-3fd79f340dc5,,146,1,5e9917bd-f3ac-41e6-8226-3fd79f340dc5
755,71b2f817-2875-4835-a94e-f9b6c31a5a24,,141,1,71b2f817-2875-4835-a94e-f9b6c31a5a24
756,71b2f817-2875-4835-a94e-f9b6c31a5a24,,19,1,71b2f817-2875-4835-a94e-f9b6c31a5a24
757,6f9c4e8b-9914-32d3-afa9-cc7a590bebd3,,109,1,6f9c4e8b-9914-32d3-afa9-cc7a590bebd3
758,6d2c2ce8-677f-45fc-94d1-d958f23bebd0,,79,1,6d2c2ce8-677f-45fc-94d1-d958f23bebd0
759,6ca0c73c-f8ec-4687-9112-41dcb6f28879,,1145,1,6ca0c73c-f8ec-4687-9112-41dcb6f28879
760,6ca0c73c-f8ec-4687-9112-41dcb6f28879,,134,1,6ca0c73c-f8ec-4687-9112-41dcb6f28879
761,6ca0c73c-f8ec-4687-9112-41dcb6f28879,,78,1,6ca0c73c-f8ec-4687-9112-41dcb6f28879
762,6ca0c73c-f8ec-4687-9112-41dcb6f28879,,74,1,6ca0c73c-f8ec-4687-9112-41dcb6f28879
763,6ca0c73c-f8ec-4687-9112-41dcb6f28879,,55,1,6ca0c73c-f8ec-4687-9112-41dcb6f28879
764,6ca0c73c-f8ec-4687-9112-41dcb6f28879,,51,1,6ca0c73c-f8ec-4687-9112-41dcb6f28879
765,6ab357ac-96dd-4d5e-a606-b9dd64c570c7,,131,1,6ab357ac-96dd-4d5e-a606-b9dd64c570c7
766,6ab357ac-96dd-4d5e-a606-b9dd64c570c7,,31,1,6ab357ac-96dd-4d5e-a606-b9dd64c570c7
767,6ab357ac-96dd-4d5e-a606-b9dd64c570c7,,13,1,6ab357ac-96dd-4d5e-a606-b9dd64c570c7
768,692d074b-7b14-3a63-42f1-9ed4bedd5b20,,34,1,692d074b-7b14-3a63-42f1-9ed4bedd5b20
769,6563be34-ef11-12ab-87c9-110409b7a870,,147,1,6563be34-ef11-12ab-87c9-110409b7a870
770,6563be34-ef11-12ab-87c9-110409b7a870,,124,1,6563be34-ef11-12ab-87c9-110409b7a870
771,6563be34-ef11-12ab-87c9-110409b7a870,,31,1,6563be34-ef11-12ab-87c9-110409b7a870
772,655f83ca-ae16-a10a-702e-31f30d58dd82,,120,1,655f83ca-ae16-a10a-702e-31f30d58dd82
773,655f83ca-ae16-a10a-702e-31f30d58dd82,,32,1,655f83ca-ae16-a10a-702e-31f30d58dd82
774,71b2f817-2875-4835-a94e-f9b6c31a5a24,,797,1,71b2f817-2875-4835-a94e-f9b6c31a5a24
775,71b2f817-2875-4835-a94e-f9b6c31a5a24,,969,1,71b2f817-2875-4835-a94e-f9b6c31a5a24
776,71fb9eb2-5186-11ea-b1f4-bb928fefb7fd,,109,1,71fb9eb2-5186-11ea-b1f4-bb928fefb7fd
777,74278bda-b644-4520-8f0c-720eaf059935,Glimworm,144,1,Glimworm
778,74278bda-b644-4520-8f0c-720eaf059935,Glimworm,1981,1,Glimworm
779,74278bda-b644-4520-8f0c-720eaf059935,Glimworm,1145,1,Glimworm
780,74278bda-b644-4520-8f0c-720eaf059935,Glimworm,881,1,Glimworm
781,74278bda-b644-4520-8f0c-720eaf059935,Glimworm,778,1,Glimworm
782,2686f39c-bada-4658-854a-a62e7e5e8b8d,,154,1,2686f39c-bada-4658-854a-a62e7e5e8b8d
783,74278bda-b644-4520-8f0c-720eaf059935,Glimworm,154,1,Glimworm
784,2686f39c-bada-4658-854a-a62e7e5e8b8d,,778,1,2686f39c-bada-4658-854a-a62e7e5e8b8d
785,2686f39c-bada-4658-854a-a62e7e5e8b8d,,797,1,2686f39c-bada-4658-854a-a62e7e5e8b8d
786,74278bda-b644-4520-8f0c-720eaf059935,Glimworm,143,1,Glimworm
787,2a28c8e5-b65f-44aa-9837-e02e5967b101,,78,1,2a28c8e5-b65f-44aa-9837-e02e5967b101
788,2686f39c-bada-4658-854a-a62e7e5e8b8d,,956,1,2686f39c-bada-4658-854a-a62e7e5e8b8d
789,2686f39c-bada-4658-854a-a62e7e5e8b8d,,958,1,2686f39c-bada-4658-854a-a62e7e5e8b8d
790,00009999-0000-1000-8000-00177a000002,,19,1,00009999-0000-1000-8000-00177a000002
791,74278bda-b644-4520-8f0c-720eaf059935,Glimworm,65,1,Glimworm
792,26cd69e1-dc80-4b7f-929a-166f523f1fea,,122,1,26cd69e1-dc80-4b7f-929a-166f523f1fea
793,2a28c8e5-b65f-44aa-9837-e02e5967b100,,74,1,2a28c8e5-b65f-44aa-9837-e02e5967b100
794,2a28c8e5-b65f-44aa-9837-e02e5967b100,,78,1,2a28c8e5-b65f-44aa-9837-e02e5967b100
795,2a28c8e5-b65f-44aa-9837-e02e5967b101,,74,1,2a28c8e5-b65f-44aa-9837-e02e5967b101
796,5e9917bd-f3ac-41e6-8226-3fd79f340dc5,,147,1,5e9917bd-f3ac-41e6-8226-3fd79f340dc5
797,5e9917bd-f3ac-41e6-8226-3fd79f340dc5,,19,1,5e9917bd-f3ac-41e6-8226-3fd79f340dc5
798,7905af11-2899-4115-ab1c-8db67c2176a8,,51,1,7905af11-2899-4115-ab1c-8db67c2176a8
799,5a1241f8-e9e6-b882-3f11-ff1e278a3e49,,996,1,5a1241f8-e9e6-b882-3f11-ff1e278a3e49
800,400225dd-3d15-4a4b-9db3-93c4b2d01eda,,109,1,400225dd-3d15-4a4b-9db3-93c4b2d01eda
801,40a480af-a022-4050-95d6-51a700020000,,34,1,40a480af-a022-4050-95d6-51a700020000
802,4152554e-f99b-4a3b-86d0-947070693a78,Aruba Bluetooth Beacons (HP),29,1,Aruba Bluetooth Beacons (HP)
803,50765cb7-d9ea-4e21-99a4-fa879613a492,,134,1,50765cb7-d9ea-4e21-99a4-fa879613a492
804,4152554e-f99b-4a3b-86d0-947070693a78,Aruba Bluetooth Beacons (HP),122,1,Aruba Bluetooth Beacons (HP)
805,4165726f-6869-7665-4e65-74776f726b73,Aerohive,61,1,Aerohive
806,50765cb7-d9ea-4e21-99a4-fa879613a492,,117,1,50765cb7-d9ea-4e21-99a4-fa879613a492
807,50765cb7-d9ea-4e21-99a4-fa879613a492,,101,1,50765cb7-d9ea-4e21-99a4-fa879613a492
808,50765cb7-d9ea-4e21-99a4-fa879613a492,,79,1,50765cb7-d9ea-4e21-99a4-fa879613a492
809,50765cb7-d9ea-4e21-99a4-fa879613a492,,76,1,50765cb7-d9ea-4e21-99a4-fa879613a492
810,50765cb7-d9ea-4e21-99a4-fa879613a492,,66,1,50765cb7-d9ea-4e21-99a4-fa879613a492
811,458a7133-0000-4e37-a4a4-5d8492586977,,133,1,458a7133-0000-4e37-a4a4-5d8492586977
812,494e5445-4c4c-495f-524f-434b535f4857,,23,1,494e5445-4c4c-495f-524f-434b535f4857
813,494e5445-4c4c-495f-524f-434b535f4857,,109,1,494e5445-4c4c-495f-524f-434b535f4857
814,494e5445-4c4c-495f-524f-434b535f4857,,132,1,494e5445-4c4c-495f-524f-434b535f4857
815,494e5445-4c4c-495f-524f-434b535f4857,,133,1,494e5445-4c4c-495f-524f-434b535f4857
816,5075f606-1e0e-11e7-93ae-92361f002671,,122,1,5075f606-1e0e-11e7-93ae-92361f002671
817,504f4c45-5354-4152-0000-000000000000,Omni access stellar (Alcatel Lucent),101,1,Omni access stellar (Alcatel Lucent)
818,4e5a3705-abc0-46ef-ba23-7ba0539f77ee,,141,1,4e5a3705-abc0-46ef-ba23-7ba0539f77ee
819,50765cb7-d9ea-4e21-99a4-fa879613a492,,148,1,50765cb7-d9ea-4e21-99a4-fa879613a492
820,50765cb7-d9ea-4e21-99a4-fa879613a492,,154,1,50765cb7-d9ea-4e21-99a4-fa879613a492
821,50765cb7-d9ea-4e21-99a4-fa879613a492,,758,1,50765cb7-d9ea-4e21-99a4-fa879613a492
822,547eaf8f-ed01-4ac9-ba18-800e320ee03c,,131,1,547eaf8f-ed01-4ac9-ba18-800e320ee03c
823,2a955cfd-667b-4ac8-9141-73b9c168da7e,,121,1,2a955cfd-667b-4ac8-9141-73b9c168da7e
824,5993a94c-7d97-4df7-9abf-e493bfd5d000,,122,1,5993a94c-7d97-4df7-9abf-e493bfd5d000
825,2ee009b5-0665-4584-8237-be05f0748e5d,,122,1,2ee009b5-0665-4584-8237-be05f0748e5d
826,2f234454-cf6d-4a0f-adf2-f4911ba9ffa6,RadBeacon/Radius Network,51,1,RadBeacon/Radius Network
827,2f234454-cf6d-4a0f-adf2-f4911ba9ffa6,RadBeacon/Radius Network,120,1,RadBeacon/Radius Network
828,56db0365-a001-4062-9e4d-499d3b8eccf3,,60,1,56db0365-a001-4062-9e4d-499d3b8eccf3
829,56db0365-a001-4062-9e4d-499d3b8eccf3,,29,1,56db0365-a001-4062-9e4d-499d3b8eccf3
830,547eaf8f-ed01-4ac9-ba18-800e320ee03c,,146,1,547eaf8f-ed01-4ac9-ba18-800e320ee03c
831,50765cb7-d9ea-4e21-99a4-fa879613a492,,1143,1,50765cb7-d9ea-4e21-99a4-fa879613a492
832,3cc8082f-5a54-4b3c-aeef-fa2c7fce975f,,133,1,3cc8082f-5a54-4b3c-aeef-fa2c7fce975f
833,50765cb7-d9ea-4e21-99a4-fa879613a492,,1127,1,50765cb7-d9ea-4e21-99a4-fa879613a492
834,50765cb7-d9ea-4e21-99a4-fa879613a492,,1125,1,50765cb7-d9ea-4e21-99a4-fa879613a492
835,50765cb7-d9ea-4e21-99a4-fa879613a492,,1092,1,50765cb7-d9ea-4e21-99a4-fa879613a492
836,2f234454-cf6d-4a0f-adf2-f4911ba9ffa6,RadBeacon/Radius Network,846,1,RadBeacon/Radius Network
837,3261b607-3a79-51cd-730d-9f7ff836e339,,79,1,3261b607-3a79-51cd-730d-9f7ff836e339
838,36855890-eb06-4852-89b3-d35064ddce45,,13,1,36855890-eb06-4852-89b3-d35064ddce45
839,3c4584f5-eb2c-a63c-1e57-000000000000,,51,1,3c4584f5-eb2c-a63c-1e57-000000000000
840,50765cb7-d9ea-4e21-99a4-fa879613a492,,797,1,50765cb7-d9ea-4e21-99a4-fa879613a492
841,76d8ae26-3f03-2f99-c934-31f052c5fc80,,769,1,76d8ae26-3f03-2f99-c934-31f052c5fc80
842,7aa9f224-d71e-4758-8f60-aa013261b9ac,,34,1,7aa9f224-d71e-4758-8f60-aa013261b9ac
843,c75bcf5a-3f10-ee6e-8d95-4b7600020381,,954,1,c75bcf5a-3f10-ee6e-8d95-4b7600020381
844,a05fd6bc-e856-e9e9-7e58-c9eb207d5213,,34,1,a05fd6bc-e856-e9e9-7e58-c9eb207d5213
845,1ca92e23-f087-4df7-b9a2-fd4b716a4bf6,,29,1,1ca92e23-f087-4df7-b9a2-fd4b716a4bf6
846,1ca92e23-f087-4df7-b9a2-fd4b716a4bf6,,31,1,1ca92e23-f087-4df7-b9a2-fd4b716a4bf6
847,b2e5fc49-d460-42b9-893c-27dbaff94308,,122,1,b2e5fc49-d460-42b9-893c-27dbaff94308
848,b2e5fc49-d460-42b9-893c-27dbaff94307,,122,1,b2e5fc49-d460-42b9-893c-27dbaff94307
849,b2e5fc49-d460-42b9-893c-27dbaff94307,,109,1,b2e5fc49-d460-42b9-893c-27dbaff94307
850,b2e5fc49-d460-42b9-893c-27dbaff94306,,107,1,b2e5fc49-d460-42b9-893c-27dbaff94306
851,b2e5fc49-d460-42b9-893c-27dbaff94304,,345,1,b2e5fc49-d460-42b9-893c-27dbaff94304
852,b2e5fc49-d460-42b9-893c-27dbaff94304,,101,1,b2e5fc49-d460-42b9-893c-27dbaff94304
853,b2e5fc49-d460-42b9-893c-27dbaff94303,,61,1,b2e5fc49-d460-42b9-893c-27dbaff94303
854,b2e5fc49-d460-42b9-893c-27dbaff94301,,133,1,b2e5fc49-d460-42b9-893c-27dbaff94301
855,b2e5fc49-d460-42b9-893c-27dbaff94300,,109,1,b2e5fc49-d460-42b9-893c-27dbaff94300
856,b0e9abf6-8c64-423a-b8d5-6669de4f4bdb,,55,1,b0e9abf6-8c64-423a-b8d5-6669de4f4bdb
857,ab287db0-112f-e62e-8e75-3e90bce4c55d,,109,1,ab287db0-112f-e62e-8e75-3e90bce4c55d
858,aaaaaaa0-bbb0-ccc0-ddd0-97c440000001,,995,1,aaaaaaa0-bbb0-ccc0-ddd0-97c440000001
859,aaaaaaa0-bbb0-ccc0-ddd0-97c440000001,,969,1,aaaaaaa0-bbb0-ccc0-ddd0-97c440000001
860,aa0c1a63-153f-4256-bc10-398508e2b590,,871,1,aa0c1a63-153f-4256-bc10-398508e2b590
861,a8ef77c2-05f4-4aed-c23e-fe1f24809c00,,154,1,a8ef77c2-05f4-4aed-c23e-fe1f24809c00
862,a8ef77c2-05f4-4aed-c23e-fe1f24809c00,,147,1,a8ef77c2-05f4-4aed-c23e-fe1f24809c00
863,a8d278e4-35b5-44ef-9cac-0f3fc511fe3e,,23,1,a8d278e4-35b5-44ef-9cac-0f3fc511fe3e
864,b2e5fc49-d460-42b9-893c-27dbaff9430b,,107,1,b2e5fc49-d460-42b9-893c-27dbaff9430b
865,b2e5fc49-d460-42b9-893c-27dbaff9430b,,122,1,b2e5fc49-d460-42b9-893c-27dbaff9430b
866,b2e5fc49-d460-42b9-893c-27dbaff9430c,,133,1,b2e5fc49-d460-42b9-893c-27dbaff9430c
867,bfd12541-ce23-4201-a9f1-e97a24acac95,,131,1,bfd12541-ce23-4201-a9f1-e97a24acac95
868,c4b8ccde-cd5f-40ed-b5b2-f68851ff8ab2,,78,1,c4b8ccde-cd5f-40ed-b5b2-f68851ff8ab2
869,c4abe711-56a5-fa70-a23f-616263646566,,874,1,c4abe711-56a5-fa70-a23f-616263646566
870,c4abe711-56a5-fa70-a23f-616263646566,,122,1,c4abe711-56a5-fa70-a23f-616263646566
871,c4abe711-56a5-fa70-a23f-616263646566,,78,1,c4abe711-56a5-fa70-a23f-616263646566
872,c4abe711-56a5-fa70-a23f-616263646566,,55,1,c4abe711-56a5-fa70-a23f-616263646566
873,c4abe711-56a5-fa70-a23f-616263646566,,34,1,c4abe711-56a5-fa70-a23f-616263646566
874,c4abe711-56a5-fa70-a23f-616263646566,,13,1,c4abe711-56a5-fa70-a23f-616263646566
875,c0017e14-1a0c-494e-bf84-dd478a47d0d5,,109,1,c0017e14-1a0c-494e-bf84-dd478a47d0d5
876,bb865c82-49f0-4df9-b8f5-75a406405cbb,,147,1,bb865c82-49f0-4df9-b8f5-75a406405cbb
877,b8ba3d72-9fd6-4ca1-89f6-d0da18de8375,,109,1,b8ba3d72-9fd6-4ca1-89f6-d0da18de8375
878,bb407f30-f5f8-466e-aff9-25556b57fe66,,120,1,bb407f30-f5f8-466e-aff9-25556b57fe66
879,1acbad6e-e1a5-4838-a62a-d35d00c35b01,,120,1,1acbad6e-e1a5-4838-a62a-d35d00c35b01
880,ba7c72e9-17c1-4ecc-b3c0-0c960b14319e,,99,1,ba7c72e9-17c1-4ecc-b3c0-0c960b14319e
881,ba7c72e9-17c1-4ecc-b3c0-0c960b14319e,,23,1,ba7c72e9-17c1-4ecc-b3c0-0c960b14319e
882,b8fed863-9f1c-447c-8f82-df0c2e067dea,,154,1,b8fed863-9f1c-447c-8f82-df0c2e067dea
883,b8fed863-9f1c-447c-8f82-df0c2e067dea,,122,1,b8fed863-9f1c-447c-8f82-df0c2e067dea
884,b8fed863-9f1c-447c-8f82-df0c2e067dea,,120,1,b8fed863-9f1c-447c-8f82-df0c2e067dea
885,b8ba3d72-9fd6-4ca1-89f6-d0da18de8375,,147,1,b8ba3d72-9fd6-4ca1-89f6-d0da18de8375
886,a14a04b7-5f86-7310-99d5-9e3b2564c8b4,,147,1,a14a04b7-5f86-7310-99d5-9e3b2564c8b4
887,9eb353a0-69b6-4947-b710-bae643c8bca5,,147,1,9eb353a0-69b6-4947-b710-bae643c8bca5
888,7f94e960-5490-41b2-b762-4ab5fc87384c,,101,1,7f94e960-5490-41b2-b762-4ab5fc87384c
889,1ca92e23-f087-4df7-b9a2-fd4b716a4bf6,,61,1,1ca92e23-f087-4df7-b9a2-fd4b716a4bf6
890,8a21c76b-74e3-4341-92be-33fcfdefdd63,,107,1,8a21c76b-74e3-4341-92be-33fcfdefdd63
891,8a21c76b-74e3-4341-92be-33fcfdefdd63,,83,1,8a21c76b-74e3-4341-92be-33fcfdefdd63
892,8a21c76b-74e3-4341-92be-33fcfdefdd63,,78,1,8a21c76b-74e3-4341-92be-33fcfdefdd63
893,8a21c76b-74e3-4341-92be-33fcfdefdd63,,73,1,8a21c76b-74e3-4341-92be-33fcfdefdd63
894,8a21c76b-74e3-4341-92be-33fcfdefdd63,,72,1,8a21c76b-74e3-4341-92be-33fcfdefdd63
895,20cae8a0-a9cf-11e3-a5e2-0800200c9a66,Onyx beacon,107,1,Onyx beacon
896,20cae8a0-a9cf-11e3-a5e2-0800200c9a66,Onyx beacon,109,1,Onyx beacon
897,20cae8a0-a9cf-11e3-a5e2-0800200c9a66,Onyx beacon,150,1,Onyx beacon
898,23445723-7230-5723-5800-28375abefd12,,120,1,23445723-7230-5723-5800-28375abefd12
899,23445723-7230-5723-5800-28375abefd12,,147,1,23445723-7230-5723-5800-28375abefd12
900,23e93f28-8b8b-45aa-a916-d68765b70982,,147,1,23e93f28-8b8b-45aa-a916-d68765b70982
901,264a2992-d007-432e-b4ed-37d6af6e8d04,,101,1,264a2992-d007-432e-b4ed-37d6af6e8d04
902,2686f39c-bada-4658-854a-a62e7e5e8b8d,,12,1,2686f39c-bada-4658-854a-a62e7e5e8b8d
903,8892d497-2507-4fbc-ac6d-e9aefe6e9266,,79,1,8892d497-2507-4fbc-ac6d-e9aefe6e9266
904,82a8029d-d537-47f9-84d9-3bbc8052f66b,,32,1,82a8029d-d537-47f9-84d9-3bbc8052f66b
905,8277a5f1-4166-45d1-9f97-905df2a427d5,,66,1,8277a5f1-4166-45d1-9f97-905df2a427d5
906,2686f39c-bada-4658-854a-a62e7e5e8b8d,,66,1,2686f39c-bada-4658-854a-a62e7e5e8b8d
907,8277a5f1-4166-45d1-9f97-905df2a427d5,,23,1,8277a5f1-4166-45d1-9f97-905df2a427d5
908,2686f39c-bada-4658-854a-a62e7e5e8b8d,,79,1,2686f39c-bada-4658-854a-a62e7e5e8b8d
909,8a21c76b-74e3-4341-92be-33fcfdefdd63,,108,1,8a21c76b-74e3-4341-92be-33fcfdefdd63
910,1d19a9f7-66c0-4428-9e61-f2a58b45c6f5,,122,1,1d19a9f7-66c0-4428-9e61-f2a58b45c6f5
911,1ca92e23-f087-4df7-b9a2-fd4b716a4bf6,,995,1,1ca92e23-f087-4df7-b9a2-fd4b716a4bf6
912,8d213129-d56d-9e4b-77f2-2b30ebb5e7f3,,79,1,8d213129-d56d-9e4b-77f2-2b30ebb5e7f3
913,1ca92e23-f087-4df7-b9a2-fd4b716a4bf6,,83,1,1ca92e23-f087-4df7-b9a2-fd4b716a4bf6
914,9d6f9674-c3b4-aae9-35e2-ec3cfe06be5f,,122,1,9d6f9674-c3b4-aae9-35e2-ec3cfe06be5f
915,9b0c5617-4211-4c60-937d-38501df4fa4f,,855,1,9b0c5617-4211-4c60-937d-38501df4fa4f
916,9b0c5617-4211-4c60-937d-38501df4fa4f,,853,1,9b0c5617-4211-4c60-937d-38501df4fa4f
917,9b0c5617-4211-4c60-937d-38501df4fa4f,,120,1,9b0c5617-4211-4c60-937d-38501df4fa4f
918,99e8d0b6-f1b1-41b8-a035-104cf2d11497,,748,1,99e8d0b6-f1b1-41b8-a035-104cf2d11497
919,961ee482-93b2-3d07-50fa-0334460917c2,,120,1,961ee482-93b2-3d07-50fa-0334460917c2
920,944ff534-ac2c-8b18-b1dc-bcf18b95f337,,61,1,944ff534-ac2c-8b18-b1dc-bcf18b95f337
921,8b03238e-cebc-465d-8fb8-90e41e0f51ba,,954,1,8b03238e-cebc-465d-8fb8-90e41e0f51ba
922,1ca92e23-f087-4df7-b9a2-fd4b716a4bf6,,954,1,1ca92e23-f087-4df7-b9a2-fd4b716a4bf6
923,1ca92e23-f087-4df7-b9a2-fd4b716a4bf6,,122,1,1ca92e23-f087-4df7-b9a2-fd4b716a4bf6
924,8b03238e-cebc-465d-8fb8-90e41e0f51ba,,773,1,8b03238e-cebc-465d-8fb8-90e41e0f51ba
925,8a21c76b-74e3-4341-92be-33fcfdefdd63,,969,1,8a21c76b-74e3-4341-92be-33fcfdefdd63
926,8a21c76b-74e3-4341-92be-33fcfdefdd63,,958,1,8a21c76b-74e3-4341-92be-33fcfdefdd63
927,8a21c76b-74e3-4341-92be-33fcfdefdd63,,938,1,8a21c76b-74e3-4341-92be-33fcfdefdd63
928,4b993cd6-1f3a-466f-aac7-cd79c01b9a20,,60,1,4b993cd6-1f3a-466f-aac7-cd79c01b9a20
929,1ca92e23-f087-4df7-b9a2-fd4b716a4bf6,,758,1,1ca92e23-f087-4df7-b9a2-fd4b716a4bf6
930,8a21c76b-74e3-4341-92be-33fcfdefdd63,,150,1,8a21c76b-74e3-4341-92be-33fcfdefdd63
931,fe913213-b311-4a42-8c16-47faeac938db,Motorola MPact,881,1,Motorola MPact
932,2f234454-cf6d-4a0f-adf2-f4911ba9ffa6,RadBeacon/Radius Network,846,3,RadBeacon/Radius Network
933,2f234454-cf6d-4a0f-adf2-f4911ba9ffa6,RadBeacon/Radius Network,150,2,RadBeacon/Radius Network
934,2f234454-cf6d-4a0f-adf2-f4911ba9ffa6,RadBeacon/Radius Network,109,1,RadBeacon/Radius Network
935,2f234454-cf6d-4a0f-adf2-f4911ba9ffa6,RadBeacon/Radius Network,120,1,RadBeacon/Radius Network
936,2f234454-cf6d-4a0f-adf2-f4911ba9ffa6,RadBeacon/Radius Network,767,1,RadBeacon/Radius Network
937,43a2bc29-c111-4a76-8b6f-78aecb142e5a,,141,1,43a2bc29-c111-4a76-8b6f-78aecb142e5a
938,0xc1cac1c417534ddea065,,109,441,0xc1cac1c417534ddea065
939,0xb2e5fc49d46042b9893c,,109,439,0xb2e5fc49d46042b9893c
940,0xb2e5fc49d46042b9893c,,101,385,0xb2e5fc49d46042b9893c
941,0xb2e5fc49d46042b9893c,,61,243,0xb2e5fc49d46042b9893c
942,0xb2e5fc49d46042b9893c,,124,137,0xb2e5fc49d46042b9893c
943,0xb2e5fc49d46042b9893c,,34,134,0xb2e5fc49d46042b9893c
944,0xb2e5fc49d46042b9893c,,122,112,0xb2e5fc49d46042b9893c
945,0xb2e5fc49d46042b9893c,,107,106,0xb2e5fc49d46042b9893c
946,0xb2e5fc49d46042b9893c,,23,71,0xb2e5fc49d46042b9893c
947,0x2a28c8e5b65f44aa9837,,78,69,0x2a28c8e5b65f44aa9837
948,0xc1cac1c417534ddea065,,120,54,0xc1cac1c417534ddea065
949,0xc1cac1c417534ddea065,,124,53,0xc1cac1c417534ddea065
950,0xc1cac1c417534ddea065,,122,50,0xc1cac1c417534ddea065
951,0xc1cac1c417534ddea065,,23,49,0xc1cac1c417534ddea065
952,0xb2e5fc49d46042b9893c,,133,42,0xb2e5fc49d46042b9893c
953,0xc1cac1c417534ddea065,,141,40,0xc1cac1c417534ddea065
954,0xc1cac1c417534ddea065,,147,33,0xc1cac1c417534ddea065
955,0x2a28c8e5b65f44aa9837,,74,31,0x2a28c8e5b65f44aa9837
956,0xe1bde705bd3940898e3d,,141,28,0xe1bde705bd3940898e3d
957,0xc1cac1c417534ddea065,,133,23,0xc1cac1c417534ddea065
958,0x85ceeb822284d5870c3a,,130,17,0x85ceeb822284d5870c3a
959,0x85ceeb822284d5870c3a,,141,16,0x85ceeb822284d5870c3a
960,0x85ceeb822284d5870c3a,,109,14,0x85ceeb822284d5870c3a
961,0xb2e5fc49d46042b9893c,,345,13,0xb2e5fc49d46042b9893c
962,0x71410849e0b34b5f9819,,767,8,0x71410849e0b34b5f9819
963,0xb2e5fc49d46042b9893c,,141,8,0xb2e5fc49d46042b9893c
964,0xe1bde705bd3940898e3d,,143,4,0xe1bde705bd3940898e3d
965,0xc1cac1c417534ddea065,,101,4,0xc1cac1c417534ddea065
966,0x9e9f052935fc2bc872e6,,773,4,0x9e9f052935fc2bc872e6
967,0xb2e5fc49d46042b9893c,,132,4,0xb2e5fc49d46042b9893c
968,0xc1cac1c417534ddea065,,28,3,0xc1cac1c417534ddea065
969,0x5713793103decaf22026,,141,3,0x5713793103decaf22026
970,0x5713793103decaf22026,,101,3,0x5713793103decaf22026
971,0xb2e5fc49d46042b9893c,,146,2,0xb2e5fc49d46042b9893c
972,0xf7826da6bc5b71e0893e,,109,2,0xf7826da6bc5b71e0893e
973,0xc4abe71156a5fa70a23f,,147,2,0xc4abe71156a5fa70a23f
974,0x85ceeb822284d5870c3a,,147,2,0x85ceeb822284d5870c3a
975,0x5713793103decaf22026,,34,2,0x5713793103decaf22026
976,0xc4abe71156a5fa70a23f,,23,1,0xc4abe71156a5fa70a23f
977,0xc4abe71156a5fa70a23f,,131,1,0xc4abe71156a5fa70a23f
978,0xc4abe71156a5fa70a23f,,122,1,0xc4abe71156a5fa70a23f
979,0xc4abe71156a5fa70a23f,,78,1,0xc4abe71156a5fa70a23f
980,0x670d6c28e1a4bdb78331,,141,1,0x670d6c28e1a4bdb78331
981,0xc4abe71156a5fa70a23f,,13,1,0xc4abe71156a5fa70a23f
982,0x5713793103decaf22026,,79,1,0x5713793103decaf22026
983,0x5713793103decaf22026,,749,1,0x5713793103decaf22026
984,0x9e9f052935fc2bc872e6,,29,1,0x9e9f052935fc2bc872e6
985,0xc1cac1c417534ddea065,,107,1,0xc1cac1c417534ddea065
986,0xb2e5fc49d46042b9893c,,149,1,0xb2e5fc49d46042b9893c
987,0x85ceeb822284d5870c3a,,101,1,0x85ceeb822284d5870c3a
988,0xf7826da6bc5b71e0893e,,147,1,0xf7826da6bc5b71e0893e
989,eddystone_url,,120,5,eddystone_url
990,eddystone_url,,147,5,eddystone_url
991,eddystone_url,,958,3,eddystone_url
992,eddystone_url,,131,2,eddystone_url
993,eddystone_url,,109,1,eddystone_url
994,eddystone_url,,133,1,eddystone_url
